-- MySQL dump 10.13  Distrib 5.7.16, for Win32 (AMD64)
--
-- Host: localhost    Database: furniture_db
-- ------------------------------------------------------
-- Server version	5.7.16-log

/*!40101 SET @OLD_CHARACTER_SET_CLIENT=@@CHARACTER_SET_CLIENT */;
/*!40101 SET @OLD_CHARACTER_SET_RESULTS=@@CHARACTER_SET_RESULTS */;
/*!40101 SET @OLD_COLLATION_CONNECTION=@@COLLATION_CONNECTION */;
/*!40101 SET NAMES utf8 */;
/*!40103 SET @OLD_TIME_ZONE=@@TIME_ZONE */;
/*!40103 SET TIME_ZONE='+00:00' */;
/*!40014 SET @OLD_UNIQUE_CHECKS=@@UNIQUE_CHECKS, UNIQUE_CHECKS=0 */;
/*!40014 SET @OLD_FOREIGN_KEY_CHECKS=@@FOREIGN_KEY_CHECKS, FOREIGN_KEY_CHECKS=0 */;
/*!40101 SET @OLD_SQL_MODE=@@SQL_MODE, SQL_MODE='NO_AUTO_VALUE_ON_ZERO' */;
/*!40111 SET @OLD_SQL_NOTES=@@SQL_NOTES, SQL_NOTES=0 */;

--
-- Table structure for table `databasechangelog`
--

DROP TABLE IF EXISTS `databasechangelog`;
/*!40101 SET @saved_cs_client     = @@character_set_client */;
/*!40101 SET character_set_client = utf8 */;
CREATE TABLE `databasechangelog` (
  `ID` varchar(255) NOT NULL,
  `AUTHOR` varchar(255) NOT NULL,
  `FILENAME` varchar(255) NOT NULL,
  `DATEEXECUTED` datetime NOT NULL,
  `ORDEREXECUTED` int(11) NOT NULL,
  `EXECTYPE` varchar(10) NOT NULL,
  `MD5SUM` varchar(35) DEFAULT NULL,
  `DESCRIPTION` varchar(255) DEFAULT NULL,
  `COMMENTS` varchar(255) DEFAULT NULL,
  `TAG` varchar(255) DEFAULT NULL,
  `LIQUIBASE` varchar(20) DEFAULT NULL,
  `CONTEXTS` varchar(255) DEFAULT NULL,
  `LABELS` varchar(255) DEFAULT NULL
) ENGINE=InnoDB DEFAULT CHARSET=utf8;
/*!40101 SET character_set_client = @saved_cs_client */;

--
-- Dumping data for table `databasechangelog`
--

LOCK TABLES `databasechangelog` WRITE;
/*!40000 ALTER TABLE `databasechangelog` DISABLE KEYS */;
INSERT INTO `databasechangelog` VALUES ('create user table','Nikolay','liquibase/1.0/2015-12-17-init.xml','2016-11-21 23:34:33',1,'EXECUTED','7:5e8f3cf9d8cdb620972975b5f080ae2c','createTable','',NULL,'3.4.1',NULL,NULL),('1382006649218-6','Nikolay (generated)','liquibase/1.0/2015-12-17-init.xml','2016-11-21 23:34:33',2,'EXECUTED','7:2c3caacaf9595553d9280039803357e1','createIndex','',NULL,'3.4.1',NULL,NULL),('rename password column','Nikolay','liquibase/1.0/2015-12-17-init.xml','2016-11-21 23:34:33',3,'EXECUTED','7:955770fb42569ca372ef0dced24a9c99','addColumn, sql, dropColumn, renameColumn','',NULL,'3.4.1',NULL,NULL),('create table roles','Nikolay','liquibase/1.0/2015-12-21-authentication.xml','2016-11-21 23:34:33',4,'EXECUTED','7:f73f9a2c1ee488942f5d24decdcf6e87','createTable','',NULL,'3.4.1',NULL,NULL),('create table users_roles','Nikolay','liquibase/1.0/2015-12-21-authentication.xml','2016-11-21 23:34:33',5,'EXECUTED','7:2d468a4fe88c94095ed1eec77f530bb5','createTable','',NULL,'3.4.1',NULL,NULL),('create users_roles unique index','Nikolay','liquibase/1.0/2015-12-21-authentication.xml','2016-11-21 23:34:33',6,'EXECUTED','7:89734675b487e93f957715006130fa2a','createIndex','',NULL,'3.4.1',NULL,NULL),('add user locale','Nikolay','liquibase/1.0/2016-09-12-add-user-locale.xml','2016-11-21 23:34:33',7,'EXECUTED','7:675a70acbfa67bc6941c9279615b9149','addColumn','',NULL,'3.4.1',NULL,NULL),('create table products','Nikolay','liquibase/1.0/2016-10-19-add-product.xml','2016-11-21 23:34:33',8,'EXECUTED','7:18a0c6d6d0d6ed028f504448d68b4536','createTable','',NULL,'3.4.1',NULL,NULL),('add deleted column to product','Nikolay','liquibase/1.0/2016-10-19-add-product.xml','2016-11-21 23:34:33',9,'EXECUTED','7:360165389d3a55ee5c4b6c11691ae5e2','addColumn, addNotNullConstraint, addDefaultValue','',NULL,'3.4.1',NULL,NULL),('add default user','Nikolay','liquibase/1.0/2016-10-27-add-default-user.xml','2016-11-21 23:34:33',10,'EXECUTED','7:bddce50b2c06b29c949cee4ea7fba187','sql','',NULL,'3.4.1',NULL,NULL),('insert default roles','Nikolay','liquibase/1.0/2016-10-27-add-default-user.xml','2016-11-21 23:34:33',11,'EXECUTED','7:df5ee64dc89f05eac90ebbe083061d40','sql','',NULL,'3.4.1',NULL,NULL),('link default roles and users','Nikolay','liquibase/1.0/2016-10-27-add-default-user.xml','2016-11-21 23:34:33',12,'EXECUTED','7:6b32c4a001edcba97f652bf6b2bf0bae','sql','',NULL,'3.4.1',NULL,NULL),('change password','Nikolay','liquibase/1.0/2016-10-27-add-default-user.xml','2016-11-21 23:34:33',13,'EXECUTED','7:dc8696a045fd2bcdb9a33318486b7272','sql','',NULL,'3.4.1',NULL,NULL),('create job type','Nikolay','liquibase/1.0/2016-add-job-type.xml','2016-11-21 23:34:33',14,'EXECUTED','7:3b7aa8b7706799bb60be4c247ed411f1','createTable','',NULL,'3.4.1',NULL,NULL),('add deleted column to job_type','Nikolay','liquibase/1.0/2016-add-job-type.xml','2016-11-21 23:34:33',15,'EXECUTED','7:994413cfd419fe2d4443d9d4dcc659f8','addColumn, addNotNullConstraint','',NULL,'3.4.1',NULL,NULL),('create job sub type','Nikolay','liquibase/1.0/2016-10-25-add-job-subtype.xml','2016-11-21 23:34:33',16,'EXECUTED','7:2431b864435b9369fbd6d43866ae4bc5','createTable, addForeignKeyConstraint','',NULL,'3.4.1',NULL,NULL),('add deleted column to job_subtype','Nikolay','liquibase/1.0/2016-10-25-add-job-subtype.xml','2016-11-21 23:34:33',17,'EXECUTED','7:571613fcfdb16ae7151549a6e319ac84','addColumn, addNotNullConstraint','',NULL,'3.4.1',NULL,NULL),('create job sub type cost','Nikolay','liquibase/1.0/2016-10-31-add-job-subtype-cost.xml','2016-11-21 23:34:33',18,'EXECUTED','7:dec5c48b3c0fc5f3292a49992373c223','createTable, addForeignKeyConstraint (x2)','',NULL,'3.4.1',NULL,NULL),('add deleted column to job_subtype_cost','Nikolay','liquibase/1.0/2016-10-31-add-job-subtype-cost.xml','2016-11-21 23:34:33',19,'EXECUTED','7:a529f9efe1ac394babe06c50fe1c9cbc','addColumn, addNotNullConstraint','',NULL,'3.4.1',NULL,NULL),('create job table','Nikolay','liquibase/1.0/2016-11-07-add-job.xml','2016-11-21 23:34:33',20,'EXECUTED','7:bc8b1c31e411b188934de5d586e95198','createTable, addForeignKeyConstraint (x2)','',NULL,'3.4.1',NULL,NULL),('add external column external_id to products','Nikolay','liquibase/1.0/2016-12-05-add-external-columns.xml','2016-12-21 09:03:54',21,'EXECUTED','7:ee7f89606679be381e224b47366a0382','addColumn','',NULL,'3.4.1',NULL,NULL),('add external column external_id to job type','Nikolay','liquibase/1.0/2016-12-05-add-external-columns.xml','2016-12-21 09:03:54',22,'EXECUTED','7:ccb316767d16d36a99738fab960138a0','addColumn','',NULL,'3.4.1',NULL,NULL),('add external column external_id to job subtype','Nikolay','liquibase/1.0/2016-12-05-add-external-columns.xml','2016-12-21 09:03:54',23,'EXECUTED','7:b9beff9f98808a4c366ca1392c358307','addColumn','',NULL,'3.4.1',NULL,NULL),('add external column external_code to products','Nikolay','liquibase/1.0/2016-12-05-add-external-columns.xml','2016-12-21 09:03:54',24,'EXECUTED','7:9143a11d840bc4b65b8d0866706767df','addColumn','',NULL,'3.4.1',NULL,NULL),('add external column external_code to job type','Nikolay','liquibase/1.0/2016-12-05-add-external-columns.xml','2016-12-21 09:03:54',25,'EXECUTED','7:152be949e3487b610fc68849393f1c6e','addColumn','',NULL,'3.4.1',NULL,NULL),('add external column external_code to job subtype','Nikolay','liquibase/1.0/2016-12-05-add-external-columns.xml','2016-12-21 09:03:54',26,'EXECUTED','7:b473db10516de478d2e42717b9bb0a8a','addColumn','',NULL,'3.4.1',NULL,NULL),('add complete_date index to job','Nikolay','liquibase/1.0/2016-12-27-add-complete-date-index.xml','2017-01-15 19:19:24',27,'EXECUTED','7:9aec6e244f88bb01dcc2f13bab59abf8','createIndex','',NULL,'3.4.1',NULL,NULL),('add use_in_salary_report column','Nikolay','liquibase/1.0/2017-01-15-add-use_in_salary_report.xml','2017-01-15 19:19:24',28,'EXECUTED','7:8005cd62a3a63f3222e45772a82e0b01','addColumn','',NULL,'3.4.1',NULL,NULL),('modify number column','Nikolay','liquibase/1.0/2017-01-15-modify_number_type.xml','2017-01-15 23:20:41',29,'EXECUTED','7:d1ef65a2ef0216c79b38a7bde818a552','modifyDataType','',NULL,'3.4.1',NULL,NULL);
/*!40000 ALTER TABLE `databasechangelog` ENABLE KEYS */;
UNLOCK TABLES;

--
-- Table structure for table `databasechangeloglock`
--

DROP TABLE IF EXISTS `databasechangeloglock`;
/*!40101 SET @saved_cs_client     = @@character_set_client */;
/*!40101 SET character_set_client = utf8 */;
CREATE TABLE `databasechangeloglock` (
  `ID` int(11) NOT NULL,
  `LOCKED` bit(1) NOT NULL,
  `LOCKGRANTED` datetime DEFAULT NULL,
  `LOCKEDBY` varchar(255) DEFAULT NULL,
  PRIMARY KEY (`ID`)
) ENGINE=InnoDB DEFAULT CHARSET=utf8;
/*!40101 SET character_set_client = @saved_cs_client */;

--
-- Dumping data for table `databasechangeloglock`
--

LOCK TABLES `databasechangeloglock` WRITE;
/*!40000 ALTER TABLE `databasechangeloglock` DISABLE KEYS */;
INSERT INTO `databasechangeloglock` VALUES (1,'\0',NULL,NULL);
/*!40000 ALTER TABLE `databasechangeloglock` ENABLE KEYS */;
UNLOCK TABLES;

--
-- Table structure for table `job`
--

DROP TABLE IF EXISTS `job`;
/*!40101 SET @saved_cs_client     = @@character_set_client */;
/*!40101 SET character_set_client = utf8 */;
CREATE TABLE `job` (
  `id` bigint(20) NOT NULL AUTO_INCREMENT,
  `number` int(11) DEFAULT NULL,
  `complete_date` datetime NOT NULL,
  `creation_date` datetime NOT NULL,
  `job_type_id` bigint(20) NOT NULL,
  `product_id` bigint(20) NOT NULL,
  PRIMARY KEY (`id`),
  KEY `job_to_job_type_FK` (`job_type_id`),
  KEY `job_to_product_FK` (`product_id`),
  KEY `job_complete_date` (`complete_date`),
  CONSTRAINT `job_to_job_type_FK` FOREIGN KEY (`job_type_id`) REFERENCES `job_type` (`id`),
  CONSTRAINT `job_to_product_FK` FOREIGN KEY (`product_id`) REFERENCES `products` (`id`)
) ENGINE=InnoDB AUTO_INCREMENT=241 DEFAULT CHARSET=utf8;
/*!40101 SET character_set_client = @saved_cs_client */;

--
-- Dumping data for table `job`
--

LOCK TABLES `job` WRITE;
/*!40000 ALTER TABLE `job` DISABLE KEYS */;
INSERT INTO `job` VALUES (16,45,'2017-01-07 00:00:00','2017-01-15 12:45:32',60,1388),(17,46,'2017-01-07 00:00:00','2017-01-15 12:48:29',60,1413),(18,47,'2017-01-07 00:00:00','2017-01-15 12:52:45',60,1612),(19,48,'2017-01-07 00:00:00','2017-01-15 12:53:36',60,1527),(20,49,'2017-01-07 00:00:00','2017-01-15 12:55:04',60,1527),(21,50,'2017-01-07 00:00:00','2017-01-15 12:57:16',60,1354),(22,51,'2017-01-07 00:00:00','2017-01-15 12:59:31',60,1354),(23,54,'2017-01-07 00:00:00','2017-01-15 13:00:16',60,1377),(24,52,'2017-01-07 00:00:00','2017-01-15 13:00:45',60,1377),(25,53,'2017-01-07 00:00:00','2017-01-15 13:01:16',60,1377),(26,55,'2017-01-07 00:00:00','2017-01-15 13:02:52',60,1640),(27,57,'2017-01-07 00:00:00','2017-01-15 13:03:32',60,1527),(28,56,'2017-01-07 00:00:00','2017-01-15 13:05:39',60,1527),(29,58,'2017-01-07 00:00:00','2017-01-15 13:07:12',60,1372),(30,59,'2017-01-07 00:00:00','2017-01-15 13:08:25',60,1372),(31,60,'2017-01-07 00:00:00','2017-01-15 13:09:16',60,1363),(32,61,'2017-01-07 00:00:00','2017-01-15 13:10:08',60,1440),(33,62,'2017-01-07 00:00:00','2017-01-15 13:13:03',60,1352),(34,63,'2017-01-07 00:00:00','2017-01-15 13:13:50',60,1352),(35,64,'2017-01-07 00:00:00','2017-01-15 13:15:15',60,1363),(36,65,'2017-01-07 00:00:00','2017-01-15 13:24:44',60,1372),(37,66,'2017-01-07 00:00:00','2017-01-15 13:25:36',60,1527),(38,67,'2017-01-07 00:00:00','2017-01-15 13:26:03',60,1527),(39,68,'2017-01-07 00:00:00','2017-01-15 13:26:47',60,1440),(40,69,'2017-01-07 00:00:00','2017-01-15 13:27:18',60,1500),(41,70,'2017-01-07 00:00:00','2017-01-15 13:30:07',60,1430),(42,71,'2017-01-07 00:00:00','2017-01-15 13:31:50',60,1584),(43,72,'2017-01-07 00:00:00','2017-01-15 13:33:08',60,1388),(44,73,'2017-01-07 00:00:00','2017-01-15 13:34:03',60,1363),(45,74,'2017-01-07 00:00:00','2017-01-15 13:34:45',60,1363),(46,75,'2017-01-07 00:00:00','2017-01-15 13:35:14',60,1689),(47,76,'2017-01-07 00:00:00','2017-01-15 13:35:48',60,1358),(48,77,'2017-01-07 00:00:00','2017-01-15 13:36:11',60,1689),(49,78,'2017-01-07 00:00:00','2017-01-15 13:36:38',60,1689),(50,79,'2017-01-07 00:00:00','2017-01-15 13:37:06',60,1689),(51,80,'2017-01-07 00:00:00','2017-01-15 13:37:30',60,1689),(52,81,'2017-01-07 00:00:00','2017-01-15 13:38:40',60,1612),(53,82,'2017-01-07 00:00:00','2017-01-15 13:39:55',60,1527),(54,83,'2017-01-07 00:00:00','2017-01-15 13:40:51',60,1527),(55,84,'2017-01-07 00:00:00','2017-01-15 13:41:14',60,1527),(56,85,'2017-01-07 00:00:00','2017-01-15 13:41:44',60,1527),(57,86,'2017-01-07 00:00:00','2017-01-15 13:42:08',60,1527),(58,87,'2017-01-07 00:00:00','2017-01-15 13:44:18',53,1527),(59,88,'2017-01-07 00:00:00','2017-01-15 13:45:25',53,1527),(60,89,'2017-01-07 00:00:00','2017-01-15 13:46:02',53,1527),(61,90,'2017-01-07 00:00:00','2017-01-15 13:47:40',53,1548),(62,91,'2017-01-07 00:00:00','2017-01-15 13:49:31',53,1373),(63,92,'2017-01-07 00:00:00','2017-01-15 13:50:20',53,1379),(64,93,'2017-01-07 00:00:00','2017-01-15 13:51:13',53,1612),(65,94,'2017-01-07 00:00:00','2017-01-15 13:52:16',53,1569),(66,95,'2017-01-07 00:00:00','2017-01-15 13:53:43',53,1375),(67,96,'2017-01-07 00:00:00','2017-01-15 13:55:06',53,1352),(68,97,'2017-01-07 00:00:00','2017-01-15 13:56:04',53,1373),(69,98,'2017-01-07 00:00:00','2017-01-15 13:56:54',53,1666),(70,99,'2017-01-07 00:00:00','2017-01-15 13:57:21',53,1689),(71,100,'2017-01-07 00:00:00','2017-01-15 13:58:14',53,1372),(72,101,'2017-01-07 00:00:00','2017-01-15 13:59:06',53,1554),(73,1,'2017-01-15 00:00:00','2017-01-15 14:24:25',59,1509),(74,2,'2017-01-15 00:00:00','2017-01-15 14:24:55',59,1509),(75,3,'2017-01-15 00:00:00','2017-01-15 14:25:28',59,1669),(76,4,'2017-01-15 00:00:00','2017-01-15 14:25:50',59,1527),(77,5,'2017-01-15 00:00:00','2017-01-15 14:26:07',59,1689),(78,6,'2017-01-15 00:00:00','2017-01-15 14:26:47',59,1372),(79,7,'2017-01-15 00:00:00','2017-01-15 14:27:32',59,1554),(80,8,'2017-01-15 00:00:00','2017-01-15 14:28:26',59,1689),(81,9,'2017-01-15 00:00:00','2017-01-15 14:29:49',59,1502),(82,10,'2017-01-15 00:00:00','2017-01-15 14:31:05',59,1363),(83,11,'2017-01-15 00:00:00','2017-01-15 14:32:51',59,1363),(84,12,'2017-01-15 00:00:00','2017-01-15 14:33:48',59,1363),(85,13,'2017-01-15 00:00:00','2017-01-15 14:34:43',59,1363),(86,14,'2017-01-15 00:00:00','2017-01-15 14:35:19',59,1509),(87,15,'2017-01-15 00:00:00','2017-01-15 14:36:55',59,1678),(88,16,'2017-01-15 00:00:00','2017-01-15 14:37:17',59,1527),(89,17,'2017-01-15 00:00:00','2017-01-15 14:38:15',59,1502),(90,18,'2017-01-15 00:00:00','2017-01-15 14:38:36',59,1689),(91,19,'2017-01-15 00:00:00','2017-01-15 14:38:59',59,1689),(92,20,'2017-01-15 00:00:00','2017-01-15 14:39:51',59,1354),(93,21,'2017-01-15 00:00:00','2017-01-15 14:40:15',59,1668),(94,22,'2017-01-15 00:00:00','2017-01-15 14:40:42',59,1509),(95,23,'2017-01-15 00:00:00','2017-01-15 14:41:09',59,1509),(96,24,'2017-01-15 00:00:00','2017-01-15 14:41:48',59,1379),(97,25,'2017-01-15 00:00:00','2017-01-15 14:42:20',59,1527),(98,26,'2017-01-15 00:00:00','2017-01-15 14:42:40',59,1527),(99,27,'2017-01-15 00:00:00','2017-01-15 14:42:56',59,1527),(100,28,'2017-01-15 00:00:00','2017-01-15 14:43:28',59,1612),(101,29,'2017-01-15 00:00:00','2017-01-15 14:43:57',59,1612),(102,30,'2017-01-15 00:00:00','2017-01-15 14:45:21',59,1612),(103,31,'2017-01-15 00:00:00','2017-01-15 14:47:12',59,1612),(104,32,'2017-01-15 00:00:00','2017-01-15 14:47:40',59,1612),(105,33,'2017-01-15 00:00:00','2017-01-15 14:48:01',59,1395),(106,34,'2017-01-15 00:00:00','2017-01-15 14:48:36',59,1503),(107,35,'2017-01-15 00:00:00','2017-01-15 14:49:26',59,1363),(108,36,'2017-01-15 00:00:00','2017-01-15 14:49:56',59,1363),(109,37,'2017-01-15 00:00:00','2017-01-15 14:50:24',59,1388),(110,38,'2017-01-15 00:00:00','2017-01-15 14:50:51',59,1388),(111,39,'2017-01-15 00:00:00','2017-01-15 14:51:20',59,1363),(112,40,'2017-01-15 00:00:00','2017-01-15 14:51:45',59,1363),(113,41,'2017-01-15 00:00:00','2017-01-15 14:52:08',59,1527),(114,42,'2017-01-15 00:00:00','2017-01-15 14:52:22',59,1689),(115,43,'2017-01-15 00:00:00','2017-01-15 14:52:52',59,1428),(116,44,'2017-01-15 00:00:00','2017-01-15 14:53:35',59,1436),(117,45,'2017-01-15 00:00:00','2017-01-15 14:54:19',59,1467),(118,46,'2017-01-15 00:00:00','2017-01-15 14:54:46',59,1668),(119,47,'2017-01-15 00:00:00','2017-01-15 14:55:08',59,1425),(120,48,'2017-01-15 00:00:00','2017-01-15 14:55:33',59,1394),(121,49,'2017-01-15 00:00:00','2017-01-15 14:56:04',59,1634),(122,50,'2017-01-15 00:00:00','2017-01-15 14:56:41',59,1687),(123,51,'2017-01-15 00:00:00','2017-01-15 14:57:09',59,1621),(124,52,'2017-01-15 00:00:00','2017-01-15 14:57:41',59,1416),(125,53,'2017-01-15 00:00:00','2017-01-15 14:58:00',59,1527),(126,54,'2017-01-15 00:00:00','2017-01-15 14:58:42',59,1687),(127,55,'2017-01-15 00:00:00','2017-01-15 14:59:08',59,1640),(128,56,'2017-01-15 00:00:00','2017-01-15 14:59:48',59,1358),(129,57,'2017-01-15 00:00:00','2017-01-15 15:00:13',59,1358),(130,58,'2017-01-15 00:00:00','2017-01-15 15:00:37',59,1527),(131,59,'2017-01-15 00:00:00','2017-01-15 15:00:58',59,1527),(132,60,'2017-01-15 00:00:00','2017-01-15 15:01:45',59,1415),(133,61,'2017-01-15 00:00:00','2017-01-15 15:02:02',59,1689),(134,62,'2017-01-15 00:00:00','2017-01-15 15:02:39',59,1625),(135,63,'2017-01-15 00:00:00','2017-01-15 15:03:06',59,1509),(136,64,'2017-01-15 00:00:00','2017-01-15 15:03:25',59,1509),(137,65,'2017-01-15 00:00:00','2017-01-15 15:03:40',59,1689),(138,66,'2017-01-15 00:00:00','2017-01-15 15:04:22',59,1415),(139,67,'2017-01-15 00:00:00','2017-01-15 15:04:50',59,1622),(140,68,'2017-01-15 00:00:00','2017-01-15 15:05:20',59,1612),(141,69,'2017-01-15 00:00:00','2017-01-15 15:05:49',59,1612),(142,70,'2017-01-15 00:00:00','2017-01-15 15:06:23',59,1352),(143,71,'2017-01-15 00:00:00','2017-01-15 15:06:58',59,1379),(144,72,'2017-01-15 00:00:00','2017-01-15 15:07:30',59,1612),(145,73,'2017-01-15 00:00:00','2017-01-15 15:07:59',59,1666),(146,74,'2017-01-15 00:00:00','2017-01-15 15:08:21',59,1527),(147,75,'2017-01-15 00:00:00','2017-01-15 15:08:37',59,1527),(148,76,'2017-01-15 00:00:00','2017-01-15 15:09:03',59,1430),(149,77,'2017-01-15 00:00:00','2017-01-15 15:11:27',59,1584),(150,78,'2017-01-15 00:00:00','2017-01-15 15:11:53',59,1388),(151,79,'2017-01-15 00:00:00','2017-01-15 15:12:44',59,1363),(152,80,'2017-01-15 00:00:00','2017-01-15 15:13:29',59,1363),(153,81,'2017-01-15 00:00:00','2017-01-15 15:14:03',59,1358),(154,82,'2017-01-15 00:00:00','2017-01-15 15:14:26',59,1689),(155,83,'2017-01-15 00:00:00','2017-01-15 15:14:45',59,1689),(156,84,'2017-01-15 00:00:00','2017-01-15 15:15:08',59,1689),(157,85,'2017-01-15 00:00:00','2017-01-15 15:15:42',59,1689),(158,86,'2017-01-15 00:00:00','2017-01-15 15:17:10',59,1689),(159,87,'2017-01-15 00:00:00','2017-01-15 15:17:39',59,1612),(160,88,'2017-01-15 00:00:00','2017-01-15 15:17:58',59,1388),(161,89,'2017-01-15 00:00:00','2017-01-15 15:18:26',59,1612),(162,90,'2017-01-15 00:00:00','2017-01-15 15:19:03',59,1527),(163,91,'2017-01-15 00:00:00','2017-01-15 15:19:20',59,1527),(164,92,'2017-01-15 00:00:00','2017-01-15 15:19:47',59,1527),(165,93,'2017-01-15 00:00:00','2017-01-15 15:20:04',59,1527),(166,94,'2017-01-15 00:00:00','2017-01-15 15:20:38',59,1395),(167,95,'2017-01-15 00:00:00','2017-01-15 15:22:21',59,1548),(168,96,'2017-01-15 00:00:00','2017-01-15 15:23:04',59,1502),(169,97,'2017-01-15 00:00:00','2017-01-15 15:23:26',59,1527),(170,98,'2017-01-15 00:00:00','2017-01-15 15:23:53',59,1527),(171,99,'2017-01-15 00:00:00','2017-01-15 15:24:10',59,1527),(172,100,'2017-01-15 00:00:00','2017-01-15 15:24:28',59,1527),(173,101,'2017-01-15 00:00:00','2017-01-15 15:24:43',59,1527),(174,102,'2017-01-15 00:00:00','2017-01-15 15:24:58',59,1527),(175,103,'2017-01-15 00:00:00','2017-01-15 15:25:14',59,1527),(176,104,'2017-01-15 00:00:00','2017-01-15 15:25:29',59,1527),(177,105,'2017-01-15 00:00:00','2017-01-15 15:25:54',59,1527),(178,106,'2017-01-15 00:00:00','2017-01-15 15:26:11',59,1527),(179,107,'2017-01-15 00:00:00','2017-01-15 15:26:26',59,1527),(180,108,'2017-01-15 00:00:00','2017-01-15 15:26:42',59,1527),(181,109,'2017-01-15 00:00:00','2017-01-15 15:27:14',59,1413),(182,110,'2017-01-15 00:00:00','2017-01-15 15:27:45',59,1612),(183,111,'2017-01-15 00:00:00','2017-01-15 15:28:07',59,1527),(184,112,'2017-01-15 00:00:00','2017-01-15 15:28:24',59,1527),(185,113,'2017-01-15 00:00:00','2017-01-15 15:29:03',59,1354),(186,114,'2017-01-15 00:00:00','2017-01-15 15:29:35',59,1354),(187,115,'2017-01-15 00:00:00','2017-01-15 15:30:15',59,1377),(188,116,'2017-01-15 00:00:00','2017-01-15 15:30:36',59,1377),(189,117,'2017-01-15 00:00:00','2017-01-15 15:30:57',59,1377),(190,118,'2017-01-15 00:00:00','2017-01-15 15:31:19',59,1640),(191,119,'2017-01-15 00:00:00','2017-01-15 15:31:40',59,1527),(192,120,'2017-01-15 00:00:00','2017-01-15 15:32:04',59,1527),(193,121,'2017-01-15 00:00:00','2017-01-15 15:32:19',59,1527),(194,122,'2017-01-15 00:00:00','2017-01-15 15:32:33',59,1527),(195,123,'2017-01-15 00:00:00','2017-01-15 15:33:02',59,1440),(196,124,'2017-01-15 00:00:00','2017-01-15 15:33:23',59,1440),(197,125,'2017-01-15 00:00:00','2017-01-15 15:33:54',59,1372),(198,126,'2017-01-15 00:00:00','2017-01-15 15:34:26',59,1372),(199,127,'2017-01-15 00:00:00','2017-01-15 15:34:58',59,1363),(200,128,'2017-01-15 00:00:00','2017-01-15 15:35:22',59,1363),(201,129,'2017-01-15 00:00:00','2017-01-15 15:35:53',59,1372),(202,130,'2017-01-15 00:00:00','2017-01-15 15:36:23',59,1352),(203,131,'2017-01-15 00:00:00','2017-01-15 15:36:47',59,1352),(204,132,'2017-01-15 00:00:00','2017-01-15 15:37:43',59,1500),(205,133,'2017-01-15 00:00:00','2017-01-15 15:38:13',59,1363),(206,1,'2017-01-15 00:00:00','2017-01-15 15:47:26',60,1375),(207,2,'2017-01-15 00:00:00','2017-01-15 15:47:48',60,1377),(208,3,'2017-01-15 00:00:00','2017-01-15 15:48:06',60,1377),(209,4,'2017-01-15 00:00:00','2017-01-15 15:51:09',60,1377),(210,5,'2017-01-15 00:00:00','2017-01-15 15:51:45',60,1393),(211,6,'2017-01-15 00:00:00','2017-01-15 15:52:32',60,1373),(212,7,'2017-01-15 00:00:00','2017-01-15 15:53:48',60,1569),(213,8,'2017-01-15 00:00:00','2017-01-15 15:55:59',60,1686),(214,9,'2017-01-15 00:00:00','2017-01-15 15:58:37',60,1373),(215,10,'2017-01-15 00:00:00','2017-01-15 15:59:42',60,1569),(216,11,'2017-01-15 00:00:00','2017-01-15 16:00:26',60,1612),(217,12,'2017-01-15 00:00:00','2017-01-15 16:01:10',60,1622),(218,13,'2017-01-15 00:00:00','2017-01-15 16:02:41',60,1569),(219,14,'2017-01-15 00:00:00','2017-01-15 16:03:18',60,1502),(220,15,'2017-01-15 00:00:00','2017-01-15 16:03:33',60,1527),(221,16,'2017-01-15 00:00:00','2017-01-15 16:04:14',60,1612),(222,17,'2017-01-15 00:00:00','2017-01-15 16:05:09',60,1569),(223,18,'2017-01-15 00:00:00','2017-01-15 16:05:46',60,1502),(224,19,'2017-01-15 00:00:00','2017-01-15 16:06:04',60,1527),(225,20,'2017-01-15 00:00:00','2017-01-15 16:07:15',60,1611),(226,21,'2017-01-15 00:00:00','2017-01-15 16:07:50',60,1379),(227,22,'2017-01-15 00:00:00','2017-01-15 16:09:18',53,1398),(228,23,'2017-01-15 00:00:00','2017-01-15 16:09:38',53,1398),(229,24,'2017-01-15 00:00:00','2017-01-15 16:10:08',53,1372),(230,25,'2017-01-15 00:00:00','2017-01-15 16:10:36',53,1612),(231,26,'2017-01-15 00:00:00','2017-01-15 16:10:51',53,1527),(232,27,'2017-01-15 00:00:00','2017-01-15 16:11:39',53,1375),(233,28,'2017-01-15 00:00:00','2017-01-15 16:12:14',53,1612),(234,29,'2017-01-15 00:00:00','2017-01-15 16:12:37',53,1509),(235,30,'2017-01-15 00:00:00','2017-01-15 16:13:26',53,1370),(236,31,'2017-01-15 00:00:00','2017-01-15 16:13:42',53,1509),(237,32,'2017-01-15 00:00:00','2017-01-15 16:14:46',53,1611),(238,33,'2017-01-15 00:00:00','2017-01-15 16:15:43',53,1393),(239,34,'2017-01-15 00:00:00','2017-01-15 16:16:15',53,1384),(240,35,'2017-01-15 00:00:00','2017-01-15 16:16:44',53,1413);
/*!40000 ALTER TABLE `job` ENABLE KEYS */;
UNLOCK TABLES;

--
-- Table structure for table `job_subtype`
--

DROP TABLE IF EXISTS `job_subtype`;
/*!40101 SET @saved_cs_client     = @@character_set_client */;
/*!40101 SET character_set_client = utf8 */;
CREATE TABLE `job_subtype` (
  `id` bigint(20) NOT NULL AUTO_INCREMENT,
  `name` varchar(255) NOT NULL,
  `job_type_id` bigint(20) NOT NULL,
  `deleted` bit(1) NOT NULL,
  `external_id` varchar(255) DEFAULT NULL,
  `external_code` varchar(255) DEFAULT NULL,
  `use_in_salary_report` bit(1) DEFAULT b'1',
  PRIMARY KEY (`id`),
  KEY `job_subtype_to_job_type_FK` (`job_type_id`),
  CONSTRAINT `job_subtype_to_job_type_FK` FOREIGN KEY (`job_type_id`) REFERENCES `job_type` (`id`)
) ENGINE=InnoDB AUTO_INCREMENT=501 DEFAULT CHARSET=utf8;
/*!40101 SET character_set_client = @saved_cs_client */;

--
-- Dumping data for table `job_subtype`
--

LOCK TABLES `job_subtype` WRITE;
/*!40000 ALTER TABLE `job_subtype` DISABLE KEYS */;
INSERT INTO `job_subtype` VALUES (401,'Бок-ны кр Вик Кап ф/п,м/п',59,'\0','A68220CF306869C211E24AA9C1DCD0FC','000000124',''),(402,'Проклейка Акк 1,4м',59,'\0','B1EA20CF306869C211E227DF108A495B','000000083',''),(403,'Бок-ны крес Вик ДИЗ',59,'\0','A68220CF306869C211E24AA9C1DCD0FB','000000123',''),(404,'Проклейка Акк 1,2м',59,'\0','B1EA20CF306869C211E227DF108A495A','000000082',''),(405,'Прокл.франц Акк 1,7м',59,'\0','AEE220CF306869C211E22EF261EAF15C','000000097',''),(406,'Прокл.франц Акк 1,5м',59,'\0','AEE220CF306869C211E22EF261EAF15B','000000096',''),(407,'Прокл.франц Акк 1,4м',59,'\0','AEE220CF306869C211E22EF261EAF15A','000000095',''),(408,'Прокл.франц Акк 0,7м',59,'\0','AEE220CF306869C211E22EF261EAF157','000000092',''),(409,'Проклейка Акк 1,0м',59,'\0','B1EA20CF306869C211E227DF108A4959','000000081',''),(410,'Проклейка Акк 0,7м',59,'\0','B1EA20CF306869C211E227DF108A4958','000000080',''),(411,'Бок-ны крес Вик К/П',59,'\0','A68220CF306869C211E24AA9C1DCD0FA','000000122',''),(412,'Прокл.франц Акк 1,2м',59,'\0','AEE220CF306869C211E22EF261EAF159','000000094',''),(413,'Прокл.франц Акк 1,0м',59,'\0','AEE220CF306869C211E22EF261EAF158','000000093',''),(414,'Бок-ны Вик Капля ф/п,м/п',59,'\0','A68220CF306869C211E24AA9C1DCD0F3','000000115',''),(415,'Прокл.франц Виктория крес',59,'\0','AEE220CF306869C211E22EF261EAF160','000000101',''),(416,'Бок-ны угл Вик Д/П',59,'\0','A68220CF306869C211E24AA9C1DCD0F5','000000117',''),(417,'Кр/ткани',53,'\0','A5D5001BFCFFD10A11DF3F10A9FE2AFC','000000002',''),(418,'Бок-ны Вик Виола ф/п,м/п',59,'\0','A68220CF306869C211E24AA9C1DCD0F4','000000116',''),(419,'Бок-ны угл Вик ДИЗ',59,'\0','A68220CF306869C211E24AA9C1DCD0F7','000000119',''),(420,'Бок-ны угл Вик К/П',59,'\0','A68220CF306869C211E24AA9C1DCD0F6','000000118',''),(421,'Кл/бок ',60,'\0','877F00195BFE421211DF6EF33A87F0B5','000000038',''),(422,'Бок-ны крес Вик Д/П',59,'\0','A68220CF306869C211E24AA9C1DCD0F9','000000121',''),(423,'Бок-ны уг Вик Кап ф/п,м/п',59,'\0','A68220CF306869C211E24AA9C1DCD0F8','000000120',''),(424,'Прокл.франц Виктория угол',59,'\0','AEE220CF306869C211E22EF261EAF161','000000102',''),(425,'Холофайбер и синтепон',53,'\0','877F00195BFE421211DF6EF33A87F0B0','000000030',''),(426,'Прокл.франц Виктория',59,'\0','AEE220CF306869C211E22EF261EAF15F','000000100',''),(427,'Проклейка Акк 1,5м',59,'\0','B1EA20CF306869C211E2280799C10F1C','000000084',''),(428,'Прокл.франц Акк 1,9м',59,'\0','AEE220CF306869C211E22EF261EAF15E','000000099',''),(429,'Проклейка Акк 1,7м',59,'\0','B1EA20CF306869C211E2280799C10F1D','000000085',''),(430,'Резка поролона',57,'\0','877F00195BFE421211DF6EF33A87F0B3','000000035','\0'),(431,'Прокл.франц Акк 1,8м',59,'\0','AEE220CF306869C211E22EF261EAF15D','000000098',''),(432,'Проклейка Акк 1,8м',59,'\0','B1EA20CF306869C211E2280799C10F1E','000000086',''),(433,'Бок-ны Вик ДИЗ',59,'\0','A68220CF306869C211E24AA9C1DCD0EA','000000114',''),(434,'Проклейка Акк 1,9м',59,'\0','B1EA20CF306869C211E2280799C10F1F','000000088',''),(435,'Резк и прок.пор+приб.ремн',63,'\0','A9A220CF306869C211E5F257F7088590','000000148',''),(436,'Бок-ны Вик К/П',59,'\0','A68220CF306869C211E24AA9C1DCD0E9','000000113',''),(437,'Обивка',59,'\0','A5D5001BFCFFD10A11DF3F0CD0F85FA0','000000001',''),(438,'Проклейка Виктория',59,'\0','B1EA20CF306869C211E2280799C10F20','000000089',''),(439,'Проклейка Виктория угол',59,'\0','B1EA20CF306869C211E2280799C10F21','000000090',''),(440,'Проклейка Виктория кресло',59,'\0','B1EA20CF306869C211E2280799C10F22','000000091',''),(441,'Прессовка подлокотника',61,'\0','877F00195BFE421211DF6EF33A87F0A7','000000020','\0'),(442,'Приб.пр/блок. с отходами',56,'\0','877F00195BFE421211DF6EF33A87F0A9','000000023','\0'),(443,'Сборка ящика',54,'\0','877F00195BFE421211DF6EF33A87F0A3','000000016',''),(444,'Спан-д',53,'\0','876E00195BFE421211DF627DBEB770B2','000000006',''),(445,'Сборка карк//Оклад//Аккор',55,'\0','877F00195BFE421211DF6EF33A87F0A5','000000018','\0'),(446,'Бок-ны Лилия шаг',59,'\0','ABB820CF306869C211E1C730BA886EEE','000000066',''),(447,'Распил каркаса',52,'\0','877F00195BFE421211DF6EF33A87F0A0','000000013',''),(448,'Сборка боковин',54,'\0','877F00195BFE421211DF6EF33A87F0A2','000000015',''),(449,'Крой К/П Вик Уг Капля',53,'\0','BBA420CF306869C211E20DF334B8173E','000000079',''),(450,'Крой К/П Вик Уг Диз',53,'\0','BBA420CF306869C211E20DF334B8173D','000000078',''),(451,'Крой К/П Вик Уг Нов,Стар',53,'\0','BBA420CF306869C211E20DF334B8173C','000000077',''),(452,'Боковины Угловой Лилия',59,'\0','916B20CF306869C211E589DA62388110','000000146',''),(453,'Пошив',60,'\0','A5D5001BFCFFD10A11DF3F112EE9447C','000000003',''),(454,'Покраска ',58,'\0','877F00195BFE421211DF6EF33A87F0AE','000000028','\0'),(455,'Сварка ',58,'\0','877F00195BFE421211DF6EF33A87F0AF','000000029','\0'),(456,'Приб.пр/блок. ',56,'\0','877F00195BFE421211DF6EF33A87F0AA','000000024','\0'),(457,'Спан-д и спан-д д/плотн.',53,'\0','886A00195BFE421211E02F6014425FD8','000000060',''),(458,'Крой К/П Лилия',53,'\0','93A220CF306869C211E618D64B395F40','000000149',''),(459,'Резка профтрубы',58,'\0','87EF00195BFE421211DFCC729D24BBC6','000000026','\0'),(460,'Затяг.тормозов и фанеры',58,'\0','87EF00195BFE421211DFCC729D24BBC7','000000047',''),(461,'Ленточный распил',52,'\0','87D400195BFE421211DFB72CC1354BC6','000000045',''),(462,'Фрезеровка подлокотника',52,'\0','87EF00195BFE421211DFCC729D24BBC9','000000014',''),(463,'Сборка карк.//Оклад/Викт.',55,'\0','92801078D215560711E0CA21C74F0111','000000061','\0'),(464,'Крой канта Лора Аккордеон',53,'\0','AEC820CF306869C211E41BBEBD1D70DB','000000133',''),(465,'Упак готов  кр.-качалки',63,'\0','AA0E20CF306869C211E588F890C02BD3','000000137','\0'),(466,'Бок-ны Лора',59,'\0','899F20CF306869C211E3FAC53403DB71','000000132',''),(467,'Крой К/П',53,'\0','81F3705AB67B77C011DFFBDAF3E67235','000000052',''),(468,'Крой К/П Вик Новый,Старый',53,'\0','BBA420CF306869C211E20DF334B81736','000000071',''),(469,'Войлок',53,'\0','877600195BFE421211DF67BBFD625C21','000000012',''),(470,'Крой К/П Акк Диз',53,'\0','BBA420CF306869C211E20DF334B81735','000000070',''),(471,'Крой К/П Акк Капля',53,'\0','BBA420CF306869C211E20DF334B81734','000000069',''),(472,'Крой К/П Акк Новый,Старый',53,'\0','BBA420CF306869C211E20DF334B81733','000000068',''),(473,'Крой К/П Вик кр Нов,Стар',53,'\0','BBA420CF306869C211E20DF334B81739','000000074',''),(474,'Крой К/П Вик Диз',53,'\0','BBA420CF306869C211E20DF334B81738','000000073',''),(475,'Крой К/П Вик Капля',53,'\0','BBA420CF306869C211E20DF334B81737','000000072',''),(476,'Крой К/П Вик кр Диз',53,'\0','BBA420CF306869C211E20DF334B8173B','000000076',''),(477,'Крой К/П Вик кр Капля',53,'\0','BBA420CF306869C211E20DF334B8173A','000000075',''),(478,'Боковины Акк Классик',59,'\0','886800195BFE421211E02DCB3FC5D77B','000000056',''),(479,'Покраска дивана',63,'\0','916B20CF306869C211E589DA623880FF','000000142','\0'),(480,'Резчик ткани',53,'\0','886800195BFE421211E02DCB3FC5D77A','000000054',''),(481,'Боковины Акк Виола',59,'\0','A68220CF306869C211E24AA9C1DCD0E2','000000105',''),(482,'Боковины Акк ДИЗ',59,'\0','A68220CF306869C211E24AA9C1DCD0E1','000000103',''),(483,'Боковины Акк Д/П Нов. и С',59,'\0','A68220CF306869C211E24AA9C1DCD0E4','000000107',''),(484,'Боковины Акк б/б',59,'\0','A68220CF306869C211E24AA9C1DCD0E3','000000106',''),(485,'Проверка диванов',59,'\0','85A620CF306869C211E3B5A3B74549D6','000000130',''),(486,'Боковины Акк Капля к/п',59,'\0','A68220CF306869C211E24AA9C1DCD0E6','000000110',''),(487,'Боковины Акк К/П Нов. и С',59,'\0','A68220CF306869C211E24AA9C1DCD0E5','000000108',''),(488,'Бок-ны Вик Д/П',59,'\0','A68220CF306869C211E24AA9C1DCD0E8','000000112',''),(489,'Боковины Акк Капля д/п',59,'\0','A68220CF306869C211E24AA9C1DCD0E7','000000111',''),(490,'Проверка чехлов',60,'\0','B5341078D215560711E0D85010BA50CB','000000063','\0'),(491,'Задн.планка кож. зам',53,'\0','886800195BFE421211E02DE448183FF6','000000059',''),(492,'Сборка базы и ящика',54,'\0','880700195BFE421211DFE253F51811CA','000000049',''),(493,'Сборка кр. и укладывание',63,'\0','AA0E20CF306869C211E5891FA6C0422E','000000134',''),(494,'Покраска базы',62,'\0','880700195BFE421211DFE253F51811CC','000000051',''),(495,'Обивка Ильхом',59,'\0','A71120CF306869C211E2C9D12B627B6A','000000127',''),(496,'Сборка коробки для боков.',63,'\0','AA0E20CF306869C211E5891FA6C04231','000000140',''),(497,'Пакетирование фурнитуры',63,'\0','AA0E20CF306869C211E5891FA6C04230','000000139',''),(498,'Пуговицы',63,'\0','AA0E20CF306869C211E5891FA6C04232','000000141','\0'),(499,'Бок-ны Лилия ТР',59,'\0','9A7C20CF306869C211E5AD657FE85031','000000147',''),(500,'бок-ны София капля т/р',59,'\0',NULL,NULL,'');
/*!40000 ALTER TABLE `job_subtype` ENABLE KEYS */;
UNLOCK TABLES;

--
-- Table structure for table `job_subtype_cost`
--

DROP TABLE IF EXISTS `job_subtype_cost`;
/*!40101 SET @saved_cs_client     = @@character_set_client */;
/*!40101 SET character_set_client = utf8 */;
CREATE TABLE `job_subtype_cost` (
  `id` bigint(20) NOT NULL AUTO_INCREMENT,
  `cost` double NOT NULL,
  `job_subtype_id` bigint(20) NOT NULL,
  `product_id` bigint(20) NOT NULL,
  `deleted` bit(1) NOT NULL,
  PRIMARY KEY (`id`),
  KEY `job_subtype_cost_to_job_subtype_FK` (`job_subtype_id`),
  KEY `job_subtype_cost_to_product_FK` (`product_id`),
  CONSTRAINT `job_subtype_cost_to_job_subtype_FK` FOREIGN KEY (`job_subtype_id`) REFERENCES `job_subtype` (`id`),
  CONSTRAINT `job_subtype_cost_to_product_FK` FOREIGN KEY (`product_id`) REFERENCES `products` (`id`)
) ENGINE=InnoDB AUTO_INCREMENT=32860 DEFAULT CHARSET=utf8;
/*!40101 SET character_set_client = @saved_cs_client */;

--
-- Dumping data for table `job_subtype_cost`
--

LOCK TABLES `job_subtype_cost` WRITE;
/*!40000 ALTER TABLE `job_subtype_cost` DISABLE KEYS */;
INSERT INTO `job_subtype_cost` VALUES (26279,51,459,1594,'\0'),(26280,518,495,1586,'\0'),(26281,207,416,1536,'\0'),(26282,20,460,1594,'\0'),(26283,18,462,1594,'\0'),(26284,40,480,1607,'\0'),(26285,310,417,1485,'\0'),(26286,280,453,1649,'\0'),(26287,10,425,1443,'\0'),(26288,20,480,1358,'\0'),(26289,20,467,1510,'\0'),(26290,18,462,1531,'\0'),(26291,104,427,1423,'\0'),(26292,20,461,1421,'\0'),(26293,120,417,1598,'\0'),(26294,207,481,1450,'\0'),(26295,49,467,1542,'\0'),(26296,60,480,1648,'\0'),(26297,310,417,1583,'\0'),(26298,220,453,1579,'\0'),(26299,325,453,1426,'\0'),(26300,315,453,1474,'\0'),(26301,40,480,1540,'\0'),(26302,60,480,1364,'\0'),(26303,60,480,1459,'\0'),(26304,330,492,1464,'\0'),(26305,7.5,444,1657,'\0'),(26306,443,437,1655,'\0'),(26307,38,459,1531,'\0'),(26308,23,425,1588,'\0'),(26309,20,460,1531,'\0'),(26310,65,448,1507,'\0'),(26311,90,443,1507,'\0'),(26312,130,417,1636,'\0'),(26313,150,445,1507,'\0'),(26314,210,447,1507,'\0'),(26315,20,485,1628,'\0'),(26316,15,441,1507,'\0'),(26317,10,490,1369,'\0'),(26318,70,442,1507,'\0'),(26319,94,424,1676,'\0'),(26320,293,453,1402,'\0'),(26321,20,475,1584,'\0'),(26322,125,448,1588,'\0'),(26323,1100,437,1415,'\0'),(26324,60,480,1441,'\0'),(26325,400,453,1440,'\0'),(26326,20,485,1487,'\0'),(26327,170,447,1588,'\0'),(26328,170,446,1448,'\0'),(26329,6,469,1664,'\0'),(26330,18,462,1628,'\0'),(26331,10,490,1365,'\0'),(26332,60,480,1370,'\0'),(26333,18,462,1459,'\0'),(26334,40,480,1609,'\0'),(26335,22,461,1625,'\0'),(26336,145,463,1429,'\0'),(26337,30,461,1482,'\0'),(26338,255,453,1665,'\0'),(26339,15,425,1550,'\0'),(26340,23,425,1605,'\0'),(26341,79,409,1653,'\0'),(26342,120,438,1399,'\0'),(26343,18,462,1648,'\0'),(26344,40,480,1594,'\0'),(26345,15,490,1461,'\0'),(26346,20,460,1645,'\0'),(26347,44,459,1645,'\0'),(26348,18,462,1607,'\0'),(26349,51,459,1607,'\0'),(26350,20,460,1607,'\0'),(26351,18,462,1455,'\0'),(26352,207,483,1535,'\0'),(26353,312,492,1516,'\0'),(26354,40,480,1531,'\0'),(26355,125,448,1605,'\0'),(26356,170,447,1605,'\0'),(26357,4,469,1483,'\0'),(26358,20,467,1394,'\0'),(26359,139,417,1615,'\0'),(26360,415,453,1608,'\0'),(26361,310,417,1688,'\0'),(26362,10,490,1384,'\0'),(26363,9,444,1421,'\0'),(26364,125,448,1517,'\0'),(26365,210,447,1517,'\0'),(26366,15,441,1517,'\0'),(26367,6,469,1686,'\0'),(26368,15,444,1625,'\0'),(26369,207,481,1472,'\0'),(26370,30,461,1465,'\0'),(26371,72,426,1429,'\0'),(26372,7,469,1541,'\0'),(26373,10,425,1436,'\0'),(26374,18,462,1441,'\0'),(26375,9,444,1674,'\0'),(26376,70,448,1436,'\0'),(26377,200,447,1436,'\0'),(26378,30,425,1517,'\0'),(26379,15,441,1362,'\0'),(26380,40,480,1578,'\0'),(26381,150,445,1362,'\0'),(26382,70,442,1362,'\0'),(26383,60,456,1362,'\0'),(26384,438,453,1460,'\0'),(26385,22,461,1511,'\0'),(26386,65,448,1362,'\0'),(26387,217,403,1524,'\0'),(26388,110,443,1362,'\0'),(26389,210,447,1362,'\0'),(26390,100,443,1550,'\0'),(26391,60,480,1487,'\0'),(26392,165,448,1550,'\0'),(26393,40,480,1490,'\0'),(26394,119,432,1675,'\0'),(26395,150,445,1550,'\0'),(26396,240,447,1550,'\0'),(26397,20,467,1362,'\0'),(26398,60,456,1550,'\0'),(26399,50,454,1550,'\0'),(26400,200,455,1550,'\0'),(26401,207,481,1378,'\0'),(26402,94,424,1517,'\0'),(26403,20,485,1578,'\0'),(26404,70,442,1550,'\0'),(26405,18,462,1617,'\0'),(26406,49,470,1478,'\0'),(26407,20,485,1459,'\0'),(26408,130,417,1519,'\0'),(26409,200,447,1656,'\0'),(26410,170,437,1509,'\0'),(26411,100,417,1652,'\0'),(26412,120,448,1656,'\0'),(26413,70,443,1656,'\0'),(26414,373,437,1512,'\0'),(26415,115,445,1656,'\0'),(26416,123,417,1489,'\0'),(26417,5,425,1527,'\0'),(26418,280,453,1494,'\0'),(26419,230,447,1542,'\0'),(26420,165,448,1542,'\0'),(26421,75,443,1542,'\0'),(26422,60,480,1617,'\0'),(26423,10,490,1453,'\0'),(26424,115,445,1542,'\0'),(26425,310,417,1449,'\0'),(26426,65,442,1542,'\0'),(26427,443,437,1563,'\0'),(26428,10,490,1513,'\0'),(26429,30,461,1508,'\0'),(26430,4,469,1677,'\0'),(26431,170,499,1391,'\0'),(26432,200,417,1612,'\0'),(26433,146,417,1374,'\0'),(26434,10,425,1542,'\0'),(26435,416,437,1521,'\0'),(26436,415,453,1468,'\0'),(26437,6,469,1644,'\0'),(26438,270,437,1408,'\0'),(26439,583,437,1504,'\0'),(26440,20,449,1614,'\0'),(26441,235,453,1637,'\0'),(26442,20,485,1645,'\0'),(26443,20,485,1573,'\0'),(26444,55,456,1542,'\0'),(26445,44,454,1542,'\0'),(26446,190,455,1542,'\0'),(26447,450,437,1544,'\0'),(26448,10,490,1381,'\0'),(26449,110,429,1651,'\0'),(26450,220,455,1362,'\0'),(26451,52,454,1362,'\0'),(26452,20,485,1455,'\0'),(26453,15,425,1362,'\0'),(26454,535,437,1410,'\0'),(26455,10,490,1356,'\0'),(26456,20,460,1578,'\0'),(26457,38,459,1578,'\0'),(26458,79,409,1407,'\0'),(26459,4,469,1560,'\0'),(26460,310,417,1462,'\0'),(26461,312,492,1568,'\0'),(26462,6,469,1603,'\0'),(26463,10,490,1413,'\0'),(26464,10,490,1392,'\0'),(26465,20,485,1581,'\0'),(26466,40,480,1570,'\0'),(26467,120,438,1559,'\0'),(26468,20,458,1463,'\0'),(26469,20,475,1559,'\0'),(26470,290,447,1443,'\0'),(26471,20,449,1466,'\0'),(26472,10,490,1411,'\0'),(26473,20,473,1390,'\0'),(26474,9,444,1659,'\0'),(26475,330,453,1428,'\0'),(26476,20,485,1617,'\0'),(26477,119,434,1627,'\0'),(26478,20,467,1561,'\0'),(26479,20,485,1364,'\0'),(26480,184,417,1477,'\0'),(26481,15,425,1386,'\0'),(26482,6,469,1447,'\0'),(26483,20,460,1488,'\0'),(26484,44,459,1488,'\0'),(26485,60,456,1386,'\0'),(26486,245,453,1660,'\0'),(26487,220,455,1386,'\0'),(26488,52,454,1386,'\0'),(26489,7,469,1658,'\0'),(26490,37,461,1685,'\0'),(26491,40,480,1452,'\0'),(26492,20,485,1359,'\0'),(26493,150,437,1618,'\0'),(26494,20,472,1677,'\0'),(26495,2,464,1545,'\0'),(26496,20,485,1678,'\0'),(26497,115,443,1386,'\0'),(26498,90,448,1386,'\0'),(26499,210,447,1386,'\0'),(26500,7.5,444,1639,'\0'),(26501,150,445,1386,'\0'),(26502,375,417,1525,'\0'),(26503,92,431,1406,'\0'),(26504,143,417,1392,'\0'),(26505,10,490,1500,'\0'),(26506,75.5,461,1543,'\0'),(26507,310,453,1456,'\0'),(26508,110,429,1687,'\0'),(26509,6,469,1668,'\0'),(26510,170,499,1424,'\0'),(26511,60,456,1394,'\0'),(26512,10,425,1656,'\0'),(26513,52,454,1394,'\0'),(26514,15,441,1394,'\0'),(26515,70,442,1394,'\0'),(26516,10,437,1433,'\0'),(26517,10,444,1551,'\0'),(26518,18,462,1573,'\0'),(26519,15,425,1394,'\0'),(26520,38,459,1481,'\0'),(26521,20,447,1527,'\0'),(26522,900,437,1454,'\0'),(26523,70,421,1394,'\0'),(26524,55,456,1656,'\0'),(26525,220,455,1394,'\0'),(26526,38,454,1656,'\0'),(26527,180,455,1656,'\0'),(26528,20,460,1481,'\0'),(26529,92,431,1498,'\0'),(26530,20,472,1658,'\0'),(26531,37,461,1418,'\0'),(26532,4,469,1390,'\0'),(26533,15,459,1577,'\0'),(26534,15,425,1670,'\0'),(26535,40,494,1536,'\0'),(26536,165,492,1551,'\0'),(26537,61,448,1552,'\0'),(26538,18,462,1577,'\0'),(26539,10,444,1616,'\0'),(26540,10,490,1396,'\0'),(26541,89,404,1543,'\0'),(26542,66,412,1376,'\0'),(26543,483,437,1558,'\0'),(26544,110,443,1670,'\0'),(26545,120,448,1670,'\0'),(26546,150,445,1670,'\0'),(26547,20,485,1613,'\0'),(26548,210,447,1670,'\0'),(26549,320,453,1669,'\0'),(26550,60,456,1670,'\0'),(26551,52,454,1670,'\0'),(26552,220,455,1670,'\0'),(26553,13,425,1475,'\0'),(26554,10,444,1361,'\0'),(26555,30,461,1352,'\0'),(26556,245,453,1571,'\0'),(26557,60,443,1376,'\0'),(26558,70,448,1376,'\0'),(26559,115,445,1376,'\0'),(26560,200,447,1376,'\0'),(26561,20,467,1498,'\0'),(26562,11,444,1501,'\0'),(26563,40,480,1422,'\0'),(26564,15,490,1688,'\0'),(26565,65,442,1376,'\0'),(26566,65,442,1475,'\0'),(26567,160,455,1475,'\0'),(26568,38,454,1376,'\0'),(26569,38,454,1475,'\0'),(26570,60,480,1455,'\0'),(26571,55,456,1376,'\0'),(26572,55,456,1475,'\0'),(26573,183,447,1475,'\0'),(26574,415,453,1457,'\0'),(26575,180,455,1376,'\0'),(26576,50,415,1553,'\0'),(26577,20,467,1564,'\0'),(26578,95,445,1475,'\0'),(26579,13,425,1376,'\0'),(26580,60,443,1475,'\0'),(26581,70,448,1475,'\0'),(26582,40,480,1645,'\0'),(26583,40,480,1353,'\0'),(26584,10,490,1651,'\0'),(26585,113,417,1470,'\0'),(26586,483,495,1664,'\0'),(26587,4,469,1631,'\0'),(26588,583,437,1596,'\0'),(26589,583,437,1437,'\0'),(26590,10,444,1562,'\0'),(26591,415,453,1448,'\0'),(26592,518,495,1682,'\0'),(26593,146,417,1411,'\0'),(26594,123,417,1539,'\0'),(26595,20,480,1481,'\0'),(26596,217,478,1481,'\0'),(26597,20,480,1524,'\0'),(26598,160,439,1447,'\0'),(26599,133,417,1413,'\0'),(26600,10,444,1681,'\0'),(26601,20,485,1385,'\0'),(26602,20,485,1648,'\0'),(26603,237,414,1581,'\0'),(26604,650,437,1444,'\0'),(26605,10,490,1642,'\0'),(26606,210,447,1394,'\0'),(26607,110,443,1394,'\0'),(26608,89,448,1394,'\0'),(26609,20,458,1573,'\0'),(26610,150,445,1394,'\0'),(26611,6,469,1380,'\0'),(26612,10,490,1569,'\0'),(26613,60,480,1628,'\0'),(26614,443,437,1424,'\0'),(26615,4,469,1590,'\0'),(26616,550,437,1438,'\0'),(26617,170,499,1437,'\0'),(26618,10,444,1568,'\0'),(26619,10,444,1582,'\0'),(26620,20,457,1417,'\0'),(26621,305,453,1518,'\0'),(26622,150,455,1403,'\0'),(26623,200,417,1381,'\0'),(26624,38,454,1403,'\0'),(26625,10,444,1646,'\0'),(26626,70,421,1498,'\0'),(26627,10,425,1403,'\0'),(26628,51,459,1540,'\0'),(26629,20,460,1540,'\0'),(26630,35,459,1536,'\0'),(26631,220,455,1498,'\0'),(26632,52,454,1498,'\0'),(26633,95,445,1403,'\0'),(26634,60,456,1498,'\0'),(26635,65,443,1403,'\0'),(26636,90,448,1403,'\0'),(26637,40,456,1403,'\0'),(26638,20,485,1378,'\0'),(26639,15,425,1498,'\0'),(26640,10,490,1612,'\0'),(26641,150,445,1498,'\0'),(26642,15,441,1498,'\0'),(26643,89,448,1498,'\0'),(26644,4,469,1412,'\0'),(26645,20,485,1383,'\0'),(26646,100,443,1498,'\0'),(26647,183,447,1403,'\0'),(26648,438,453,1414,'\0'),(26649,70,442,1498,'\0'),(26650,170,446,1460,'\0'),(26651,433,453,1493,'\0'),(26652,44,459,1422,'\0'),(26653,20,460,1422,'\0'),(26654,210,447,1498,'\0'),(26655,18,462,1422,'\0'),(26656,10,444,1375,'\0'),(26657,61,413,1475,'\0'),(26658,6,469,1473,'\0'),(26659,5,490,1652,'\0'),(26660,79,410,1685,'\0'),(26661,250,492,1573,'\0'),(26662,130,417,1453,'\0'),(26663,20,485,1531,'\0'),(26664,10,444,1355,'\0'),(26665,160,439,1466,'\0'),(26666,120,438,1590,'\0'),(26667,20,485,1609,'\0'),(26668,900,437,1597,'\0'),(26669,320,453,1395,'\0'),(26670,160,439,1473,'\0'),(26671,143,417,1369,'\0'),(26672,20,485,1370,'\0'),(26673,40,480,1420,'\0'),(26674,6,469,1466,'\0'),(26675,20,475,1590,'\0'),(26676,40,480,1488,'\0'),(26677,217,478,1488,'\0'),(26678,4,469,1431,'\0'),(26679,433,453,1587,'\0'),(26680,237,423,1459,'\0'),(26681,290,447,1666,'\0'),(26682,22,461,1470,'\0'),(26683,200,447,1654,'\0'),(26684,10,425,1476,'\0'),(26685,49,470,1547,'\0'),(26686,493,453,1451,'\0'),(26687,10,490,1626,'\0'),(26688,300,417,1461,'\0'),(26689,40,480,1450,'\0'),(26690,10,490,1683,'\0'),(26691,207,483,1540,'\0'),(26692,12,461,1472,'\0'),(26693,40,480,1383,'\0'),(26694,15,490,1375,'\0'),(26695,270,453,1553,'\0'),(26696,416,437,1486,'\0'),(26697,5,490,1372,'\0'),(26698,66,412,1368,'\0'),(26699,160,439,1589,'\0'),(26700,120,438,1373,'\0'),(26701,123,417,1365,'\0'),(26702,7.5,444,1407,'\0'),(26703,4,469,1584,'\0'),(26704,483,495,1686,'\0'),(26705,10,490,1374,'\0'),(26706,20,460,1654,'\0'),(26707,44,459,1654,'\0'),(26708,518,495,1603,'\0'),(26709,52,461,1516,'\0'),(26710,104,402,1645,'\0'),(26711,386,437,1442,'\0'),(26712,65,442,1654,'\0'),(26713,20,480,1397,'\0'),(26714,450,437,1668,'\0'),(26715,115,445,1654,'\0'),(26716,79,409,1578,'\0'),(26717,143,417,1674,'\0'),(26718,125,448,1654,'\0'),(26719,400,437,1391,'\0'),(26720,80,443,1654,'\0'),(26721,76,407,1650,'\0'),(26722,550,437,1387,'\0'),(26723,10,425,1654,'\0'),(26724,217,401,1358,'\0'),(26725,190,455,1654,'\0'),(26726,52,461,1449,'\0'),(26727,44,454,1654,'\0'),(26728,55,456,1654,'\0'),(26729,6,469,1586,'\0'),(26730,20,485,1472,'\0'),(26731,207,484,1625,'\0'),(26732,237,423,1364,'\0'),(26733,105,495,1618,'\0'),(26734,200,437,1520,'\0'),(26735,10,444,1516,'\0'),(26736,217,478,1653,'\0'),(26737,40,480,1653,'\0'),(26738,18,462,1516,'\0'),(26739,40,480,1577,'\0'),(26740,76,406,1647,'\0'),(26741,10,490,1423,'\0'),(26742,20,467,1515,'\0'),(26743,57,408,1593,'\0'),(26744,9,444,1434,'\0'),(26745,20,485,1476,'\0'),(26746,37,461,1683,'\0'),(26747,425,453,1467,'\0'),(26748,336,495,1557,'\0'),(26749,47,461,1555,'\0'),(26750,51,459,1555,'\0'),(26751,20,460,1555,'\0'),(26752,135,417,1356,'\0'),(26753,15,490,1583,'\0'),(26754,150,445,1406,'\0'),(26755,9,444,1683,'\0'),(26756,312,492,1628,'\0'),(26757,120,438,1483,'\0'),(26758,70,442,1406,'\0'),(26759,5,490,1598,'\0'),(26760,15,490,1449,'\0'),(26761,90,440,1390,'\0'),(26762,60,456,1406,'\0'),(26763,52,454,1406,'\0'),(26764,220,455,1406,'\0'),(26765,40,480,1561,'\0'),(26766,104,427,1413,'\0'),(26767,18,425,1406,'\0'),(26768,57,408,1634,'\0'),(26769,23,425,1363,'\0'),(26770,207,484,1511,'\0'),(26771,38,454,1476,'\0'),(26772,150,455,1476,'\0'),(26773,40,456,1476,'\0'),(26774,237,414,1490,'\0'),(26775,10,490,1489,'\0'),(26776,52,461,1616,'\0'),(26777,95,445,1476,'\0'),(26778,75.5,461,1434,'\0'),(26779,183,447,1476,'\0'),(26780,237,423,1648,'\0'),(26781,210,447,1406,'\0'),(26782,450,437,1621,'\0'),(26783,65,443,1476,'\0'),(26784,70,448,1406,'\0'),(26785,200,447,1363,'\0'),(26786,100,443,1406,'\0'),(26787,90,448,1476,'\0'),(26788,70,448,1363,'\0'),(26789,18,462,1564,'\0'),(26790,207,487,1685,'\0'),(26791,130,455,1515,'\0'),(26792,35,454,1515,'\0'),(26793,20,467,1441,'\0'),(26794,40,480,1378,'\0'),(26795,15,441,1515,'\0'),(26796,15,441,1647,'\0'),(26797,443,437,1416,'\0'),(26798,65,442,1647,'\0'),(26799,160,439,1614,'\0'),(26800,15,490,1616,'\0'),(26801,6,469,1544,'\0'),(26802,70,443,1647,'\0'),(26803,90,448,1515,'\0'),(26804,115,445,1647,'\0'),(26805,200,447,1647,'\0'),(26806,89,448,1647,'\0'),(26807,350,443,1515,'\0'),(26808,76,407,1542,'\0'),(26809,44,454,1647,'\0'),(26810,190,455,1647,'\0'),(26811,237,423,1568,'\0'),(26812,55,456,1647,'\0'),(26813,52,461,1485,'\0'),(26814,150,492,1482,'\0'),(26815,10,444,1449,'\0'),(26816,7.5,444,1653,'\0'),(26817,433,453,1611,'\0'),(26818,23,425,1556,'\0'),(26819,7,469,1504,'\0'),(26820,70,421,1647,'\0'),(26821,10,490,1627,'\0'),(26822,25,425,1515,'\0'),(26823,10,425,1647,'\0'),(26824,312,492,1648,'\0'),(26825,15,425,1553,'\0'),(26826,70,421,1515,'\0'),(26827,583,437,1497,'\0'),(26828,10,490,1377,'\0'),(26829,15,441,1553,'\0'),(26830,6,469,1416,'\0'),(26831,40,480,1510,'\0'),(26832,50,448,1553,'\0'),(26833,550,437,1379,'\0'),(26834,45,443,1553,'\0'),(26835,120,447,1553,'\0'),(26836,265,453,1409,'\0'),(26837,217,486,1422,'\0'),(26838,150,437,1393,'\0'),(26839,51,459,1394,'\0'),(26840,518,495,1644,'\0'),(26841,20,460,1394,'\0'),(26842,10,444,1485,'\0'),(26843,340,453,1620,'\0'),(26844,20,460,1535,'\0'),(26845,18,462,1394,'\0'),(26846,51,459,1535,'\0'),(26847,335,453,1546,'\0'),(26848,10,417,1398,'\0'),(26849,47,461,1539,'\0'),(26850,3,491,1548,'\0'),(26851,20,467,1517,'\0'),(26852,124,417,1625,'\0'),(26853,92,428,1362,'\0'),(26854,10,490,1505,'\0'),(26855,20,485,1654,'\0'),(26856,143,417,1418,'\0'),(26857,217,486,1609,'\0'),(26858,373,437,1680,'\0'),(26859,373,437,1560,'\0'),(26860,315,453,1435,'\0'),(26861,40,480,1407,'\0'),(26862,217,486,1594,'\0'),(26863,15,490,1485,'\0'),(26864,15,441,1368,'\0'),(26865,65,442,1368,'\0'),(26866,60,443,1368,'\0'),(26867,115,445,1368,'\0'),(26868,355,453,1458,'\0'),(26869,8,444,1489,'\0'),(26870,200,447,1368,'\0'),(26871,255,453,1479,'\0'),(26872,65,448,1368,'\0'),(26873,305,453,1650,'\0'),(26874,200,447,1556,'\0'),(26875,20,480,1671,'\0'),(26876,70,448,1556,'\0'),(26877,583,437,1541,'\0'),(26878,20,485,1464,'\0'),(26879,38,459,1476,'\0'),(26880,20,460,1476,'\0'),(26881,365,453,1506,'\0'),(26882,470,453,1630,'\0'),(26883,76,406,1654,'\0'),(26884,10,490,1477,'\0'),(26885,18,462,1476,'\0'),(26886,10,444,1583,'\0'),(26887,295,453,1523,'\0'),(26888,20,485,1634,'\0'),(26889,10,490,1675,'\0'),(26890,690,437,1686,'\0'),(26891,119,434,1392,'\0'),(26892,20,449,1682,'\0'),(26893,300,453,1673,'\0'),(26894,257,453,1376,'\0'),(26895,20,467,1507,'\0'),(26896,143,417,1627,'\0'),(26897,217,482,1434,'\0'),(26898,10,425,1368,'\0'),(26899,19,457,1401,'\0'),(26900,740,437,1632,'\0'),(26901,40,480,1463,'\0'),(26902,38,454,1368,'\0'),(26903,180,455,1368,'\0'),(26904,55,456,1368,'\0'),(26905,20,485,1535,'\0'),(26906,135,417,1651,'\0'),(26907,119,432,1505,'\0'),(26908,35,454,1538,'\0'),(26909,7.5,444,1543,'\0'),(26910,65,443,1481,'\0'),(26911,130,455,1538,'\0'),(26912,120,448,1481,'\0'),(26913,183,447,1481,'\0'),(26914,70,421,1538,'\0'),(26915,25,425,1538,'\0'),(26916,68,461,1652,'\0'),(26917,120,438,1569,'\0'),(26918,740,437,1586,'\0'),(26919,123,417,1396,'\0'),(26920,20,485,1481,'\0'),(26921,20,485,1465,'\0'),(26922,480,437,1557,'\0'),(26923,40,456,1481,'\0'),(26924,20,485,1441,'\0'),(26925,52,461,1568,'\0'),(26926,20,467,1455,'\0'),(26927,95,445,1481,'\0'),(26928,110,429,1547,'\0'),(26929,10,490,1547,'\0'),(26930,10,425,1481,'\0'),(26931,150,455,1481,'\0'),(26932,38,454,1481,'\0'),(26933,160,439,1664,'\0'),(26934,740,437,1591,'\0'),(26935,45,442,1634,'\0'),(26936,55,443,1634,'\0'),(26937,89,448,1634,'\0'),(26938,95,445,1634,'\0'),(26939,237,414,1564,'\0'),(26940,4,469,1478,'\0'),(26941,7,469,1643,'\0'),(26942,183,447,1634,'\0'),(26943,150,455,1634,'\0'),(26944,38,454,1634,'\0'),(26945,50,459,1385,'\0'),(26946,8,469,1387,'\0'),(26947,40,456,1634,'\0'),(26948,9,444,1450,'\0'),(26949,139,417,1500,'\0'),(26950,20,485,1366,'\0'),(26951,5,444,1524,'\0'),(26952,740,437,1606,'\0'),(26953,70,421,1634,'\0'),(26954,10,425,1634,'\0'),(26955,20,479,1577,'\0'),(26956,70,448,1575,'\0'),(26957,250,447,1575,'\0'),(26958,7.5,444,1477,'\0'),(26959,11,444,1392,'\0'),(26960,40,480,1501,'\0'),(26961,350,443,1538,'\0'),(26962,90,448,1538,'\0'),(26963,15.5,444,1511,'\0'),(26964,220,417,1355,'\0'),(26965,20,467,1647,'\0'),(26966,30,425,1575,'\0'),(26967,125,448,1493,'\0'),(26968,210,447,1493,'\0'),(26969,10,490,1590,'\0'),(26970,30,461,1612,'\0'),(26971,207,481,1385,'\0'),(26972,207,483,1418,'\0'),(26973,11,444,1418,'\0'),(26974,1200,437,1492,'\0'),(26975,30,425,1493,'\0'),(26976,20,471,1439,'\0'),(26977,20,460,1434,'\0'),(26978,51,459,1434,'\0'),(26979,125,448,1428,'\0'),(26980,20,467,1593,'\0'),(26981,10,425,1672,'\0'),(26982,80,443,1428,'\0'),(26983,200,447,1428,'\0'),(26984,65,442,1428,'\0'),(26985,70,421,1672,'\0'),(26986,23,425,1366,'\0'),(26987,115,445,1428,'\0'),(26988,15,441,1428,'\0'),(26989,55,456,1428,'\0'),(26990,40,480,1613,'\0'),(26991,237,423,1516,'\0'),(26992,20,480,1592,'\0'),(26993,44,454,1428,'\0'),(26994,190,455,1428,'\0'),(26995,310,417,1375,'\0'),(26996,4,469,1548,'\0'),(26997,10,425,1428,'\0'),(26998,416,437,1623,'\0'),(26999,130,417,1683,'\0'),(27000,47,461,1678,'\0'),(27001,50,459,1678,'\0'),(27002,7,469,1642,'\0'),(27003,50,415,1579,'\0'),(27004,20,460,1678,'\0'),(27005,310,417,1568,'\0'),(27006,300,453,1386,'\0'),(27007,130,417,1513,'\0'),(27008,371,495,1590,'\0'),(27009,10,490,1418,'\0'),(27010,15,444,1525,'\0'),(27011,110,461,1598,'\0'),(27012,290,453,1430,'\0'),(27013,18,462,1609,'\0'),(27014,20,460,1609,'\0'),(27015,44,459,1609,'\0'),(27016,518,495,1466,'\0'),(27017,40,480,1549,'\0'),(27018,20,467,1607,'\0'),(27019,19,457,1624,'\0'),(27020,207,483,1645,'\0'),(27021,12,461,1396,'\0'),(27022,70,448,1366,'\0'),(27023,200,447,1672,'\0'),(27024,70,443,1672,'\0'),(27025,200,447,1366,'\0'),(27026,89,448,1672,'\0'),(27027,6,469,1606,'\0'),(27028,115,445,1672,'\0'),(27029,15,441,1672,'\0'),(27030,120,435,1527,'\0'),(27031,65,442,1672,'\0'),(27032,15,444,1536,'\0'),(27033,135,417,1384,'\0'),(27034,373,437,1496,'\0'),(27035,55,456,1672,'\0'),(27036,44,454,1672,'\0'),(27037,190,455,1672,'\0'),(27038,20,485,1482,'\0'),(27039,4,469,1496,'\0'),(27040,300,453,1600,'\0'),(27041,15,425,1507,'\0'),(27042,15,444,1528,'\0'),(27043,8,444,1685,'\0'),(27044,550,437,1599,'\0'),(27045,20,485,1666,'\0'),(27046,2,464,1558,'\0'),(27047,50,454,1507,'\0'),(27048,30,461,1355,'\0'),(27049,20,485,1672,'\0'),(27050,60,456,1507,'\0'),(27051,200,455,1507,'\0'),(27052,20,458,1476,'\0'),(27053,150,455,1593,'\0'),(27054,10,425,1593,'\0'),(27055,238,492,1581,'\0'),(27056,20,485,1607,'\0'),(27057,60,480,1359,'\0'),(27058,38,459,1472,'\0'),(27059,217,482,1543,'\0'),(27060,15,441,1593,'\0'),(27061,40,453,1419,'\0'),(27062,160,439,1682,'\0'),(27063,45,442,1593,'\0'),(27064,6,469,1623,'\0'),(27065,40,456,1593,'\0'),(27066,38,454,1593,'\0'),(27067,310,417,1616,'\0'),(27068,183,447,1593,'\0'),(27069,125,448,1593,'\0'),(27070,65,443,1593,'\0'),(27071,95,445,1593,'\0'),(27072,52,454,1607,'\0'),(27073,220,455,1607,'\0'),(27074,5,480,1400,'\0'),(27075,52,461,1375,'\0'),(27076,312,492,1441,'\0'),(27077,518,495,1473,'\0'),(27078,8,469,1599,'\0'),(27079,15,425,1607,'\0'),(27080,85,405,1507,'\0'),(27081,76,406,1428,'\0'),(27082,150,445,1607,'\0'),(27083,115,443,1607,'\0'),(27084,70,442,1607,'\0'),(27085,15,441,1607,'\0'),(27086,60,456,1607,'\0'),(27087,10,425,1666,'\0'),(27088,375,495,1412,'\0'),(27089,79,410,1472,'\0'),(27090,20,467,1672,'\0'),(27091,20,485,1555,'\0'),(27092,170,499,1467,'\0'),(27093,76,406,1672,'\0'),(27094,125,448,1607,'\0'),(27095,210,447,1607,'\0'),(27096,170,447,1581,'\0'),(27097,125,448,1581,'\0'),(27098,38,454,1571,'\0'),(27099,49,470,1438,'\0'),(27100,180,455,1571,'\0'),(27101,483,437,1658,'\0'),(27102,20,467,1435,'\0'),(27103,170,447,1448,'\0'),(27104,70,448,1448,'\0'),(27105,10,425,1571,'\0'),(27106,200,492,1595,'\0'),(27107,20,460,1625,'\0'),(27108,44,459,1625,'\0'),(27109,60,430,1457,'\0'),(27110,76,406,1609,'\0'),(27111,23,425,1457,'\0'),(27112,30,425,1487,'\0'),(27113,150,437,1430,'\0'),(27114,20,485,1605,'\0'),(27115,23,425,1460,'\0'),(27116,312,492,1375,'\0'),(27117,7,469,1547,'\0'),(27118,125,448,1457,'\0'),(27119,125,448,1487,'\0'),(27120,50,461,1581,'\0'),(27121,79,409,1489,'\0'),(27122,170,447,1457,'\0'),(27123,210,447,1487,'\0'),(27124,23,425,1448,'\0'),(27125,79,410,1476,'\0'),(27126,20,485,1550,'\0'),(27127,15,441,1457,'\0'),(27128,70,443,1531,'\0'),(27129,125,448,1531,'\0'),(27130,115,445,1531,'\0'),(27131,355,453,1684,'\0'),(27132,200,447,1531,'\0'),(27133,10,490,1478,'\0'),(27134,15,441,1531,'\0'),(27135,11,444,1369,'\0'),(27136,70,448,1460,'\0'),(27137,65,442,1531,'\0'),(27138,170,447,1460,'\0'),(27139,386,437,1478,'\0'),(27140,79,409,1470,'\0'),(27141,210,447,1628,'\0'),(27142,160,439,1485,'\0'),(27143,125,448,1628,'\0'),(27144,390,453,1401,'\0'),(27145,105,495,1393,'\0'),(27146,15,441,1628,'\0'),(27147,210,447,1594,'\0'),(27148,125,448,1594,'\0'),(27149,115,443,1594,'\0'),(27150,40,480,1511,'\0'),(27151,65,448,1571,'\0'),(27152,200,447,1571,'\0'),(27153,65,442,1571,'\0'),(27154,115,445,1571,'\0'),(27155,89,404,1683,'\0'),(27156,4,469,1557,'\0'),(27157,60,443,1571,'\0'),(27158,40,480,1475,'\0'),(27159,76,407,1422,'\0'),(27160,55,456,1571,'\0'),(27161,30,425,1628,'\0'),(27162,2,469,1446,'\0'),(27163,15,490,1466,'\0'),(27164,61,448,1518,'\0'),(27165,115,438,1374,'\0'),(27166,207,487,1394,'\0'),(27167,20,468,1411,'\0'),(27168,336,495,1610,'\0'),(27169,4,469,1574,'\0'),(27170,150,437,1390,'\0'),(27171,320,453,1507,'\0'),(27172,10,444,1581,'\0'),(27173,60,430,1468,'\0'),(27174,250,453,1638,'\0'),(27175,15,490,1473,'\0'),(27176,23,425,1468,'\0'),(27177,40,480,1625,'\0'),(27178,11,444,1385,'\0'),(27179,15,441,1468,'\0'),(27180,110,429,1558,'\0'),(27181,336,495,1584,'\0'),(27182,312,492,1485,'\0'),(27183,10,444,1455,'\0'),(27184,89,404,1636,'\0'),(27185,9,444,1453,'\0'),(27186,20,467,1368,'\0'),(27187,20,460,1421,'\0'),(27188,125,448,1468,'\0'),(27189,430,437,1373,'\0'),(27190,50,459,1421,'\0'),(27191,18,462,1421,'\0'),(27192,170,447,1468,'\0'),(27193,160,417,1399,'\0'),(27194,94,424,1459,'\0'),(27195,10,490,1677,'\0'),(27196,60,480,1676,'\0'),(27197,20,480,1403,'\0'),(27198,210,447,1540,'\0'),(27199,386,437,1631,'\0'),(27200,89,448,1540,'\0'),(27201,237,423,1616,'\0'),(27202,217,482,1477,'\0'),(27203,217,482,1619,'\0'),(27204,20,485,1681,'\0'),(27205,37,461,1369,'\0'),(27206,10,417,1432,'\0'),(27207,535,437,1624,'\0'),(27208,37,461,1645,'\0'),(27209,52,461,1455,'\0'),(27210,518,495,1641,'\0'),(27211,49,467,1524,'\0'),(27212,493,453,1676,'\0'),(27213,74,426,1402,'\0'),(27214,12,461,1453,'\0'),(27215,70,442,1649,'\0'),(27216,150,445,1649,'\0'),(27217,20,485,1625,'\0'),(27218,100,443,1649,'\0'),(27219,250,453,1640,'\0'),(27220,60,456,1649,'\0'),(27221,160,439,1375,'\0'),(27222,89,404,1477,'\0'),(27223,20,485,1542,'\0'),(27224,600,453,1443,'\0'),(27225,50,454,1649,'\0'),(27226,200,455,1649,'\0'),(27227,15,425,1649,'\0'),(27228,443,437,1484,'\0'),(27229,123,417,1472,'\0'),(27230,312,492,1688,'\0'),(27231,125,448,1358,'\0'),(27232,60,443,1358,'\0'),(27233,20,460,1498,'\0'),(27234,130,447,1358,'\0'),(27235,51,459,1498,'\0'),(27236,160,439,1646,'\0'),(27237,18,462,1498,'\0'),(27238,20,485,1388,'\0'),(27239,290,466,1549,'\0'),(27240,10,490,1484,'\0'),(27241,6,469,1563,'\0'),(27242,207,484,1470,'\0'),(27243,15,425,1579,'\0'),(27244,8,469,1491,'\0'),(27245,20,460,1543,'\0'),(27246,10,490,1643,'\0'),(27247,386,437,1677,'\0'),(27248,483,437,1643,'\0'),(27249,18,462,1362,'\0'),(27250,20,460,1362,'\0'),(27251,38,459,1543,'\0'),(27252,51,459,1362,'\0'),(27253,495,453,1538,'\0'),(27254,184,417,1543,'\0'),(27255,50,448,1579,'\0'),(27256,45,443,1579,'\0'),(27257,12,461,1392,'\0'),(27258,120,447,1579,'\0'),(27259,10,490,1496,'\0'),(27260,119,432,1615,'\0'),(27261,20,485,1418,'\0'),(27262,20,460,1386,'\0'),(27263,360,453,1417,'\0'),(27264,51,459,1386,'\0'),(27265,250,492,1363,'\0'),(27266,79,410,1671,'\0'),(27267,20,485,1443,'\0'),(27268,30,461,1411,'\0'),(27269,4,469,1410,'\0'),(27270,61,413,1665,'\0'),(27271,104,402,1619,'\0'),(27272,52,461,1617,'\0'),(27273,3,491,1411,'\0'),(27274,265,453,1656,'\0'),(27275,295,453,1360,'\0'),(27276,10,490,1483,'\0'),(27277,740,437,1603,'\0'),(27278,10,490,1657,'\0'),(27279,126,417,1642,'\0'),(27280,378,453,1605,'\0'),(27281,10,498,1502,'\0'),(27282,170,499,1416,'\0'),(27283,7,469,1497,'\0'),(27284,4,469,1569,'\0'),(27285,20,485,1436,'\0'),(27286,740,437,1644,'\0'),(27287,120,438,1361,'\0'),(27288,20,485,1503,'\0'),(27289,7,469,1651,'\0'),(27290,350,453,1554,'\0'),(27291,20,460,1657,'\0'),(27292,170,452,1577,'\0'),(27293,44,459,1657,'\0'),(27294,23,425,1608,'\0'),(27295,237,414,1582,'\0'),(27296,23,425,1581,'\0'),(27297,123,417,1653,'\0'),(27298,10,490,1674,'\0'),(27299,553,495,1480,'\0'),(27300,300,453,1670,'\0'),(27301,15,441,1608,'\0'),(27302,20,472,1371,'\0'),(27303,170,447,1608,'\0'),(27304,125,448,1608,'\0'),(27305,207,487,1672,'\0'),(27306,49,470,1544,'\0'),(27307,416,437,1409,'\0'),(27308,125,448,1649,'\0'),(27309,94,424,1441,'\0'),(27310,210,447,1649,'\0'),(27311,5,490,1390,'\0'),(27312,518,495,1632,'\0'),(27313,104,427,1380,'\0'),(27314,20,485,1394,'\0'),(27315,47,461,1422,'\0'),(27316,20,485,1659,'\0'),(27317,10,444,1617,'\0'),(27318,272,453,1389,'\0'),(27319,40,480,1362,'\0'),(27320,20,460,1674,'\0'),(27321,51,459,1674,'\0'),(27322,30,461,1353,'\0'),(27323,170,447,1613,'\0'),(27324,4,469,1633,'\0'),(27325,70,448,1613,'\0'),(27326,312,492,1617,'\0'),(27327,15,490,1492,'\0'),(27328,20,485,1629,'\0'),(27329,40,480,1550,'\0'),(27330,11,444,1500,'\0'),(27331,338,417,1536,'\0'),(27332,133,417,1450,'\0'),(27333,15,490,1686,'\0'),(27334,165,492,1552,'\0'),(27335,110,461,1524,'\0'),(27336,20,480,1567,'\0'),(27337,20,485,1508,'\0'),(27338,49,476,1598,'\0'),(27339,237,423,1688,'\0'),(27340,30,461,1573,'\0'),(27341,40,480,1672,'\0'),(27342,10,437,1432,'\0'),(27343,40,480,1662,'\0'),(27344,217,489,1657,'\0'),(27345,560,453,1522,'\0'),(27346,10,480,1527,'\0'),(27347,60,456,1600,'\0'),(27348,250,447,1359,'\0'),(27349,52,454,1600,'\0'),(27350,250,495,1377,'\0'),(27351,220,455,1600,'\0'),(27352,70,448,1359,'\0'),(27353,250,492,1352,'\0'),(27354,217,489,1674,'\0'),(27355,530,437,1483,'\0'),(27356,15,425,1600,'\0'),(27357,9,444,1513,'\0'),(27358,10,490,1582,'\0'),(27359,146,417,1548,'\0'),(27360,250,492,1353,'\0'),(27361,20,485,1517,'\0'),(27362,30,425,1359,'\0'),(27363,9,444,1383,'\0'),(27364,15,459,1566,'\0'),(27365,20,467,1553,'\0'),(27366,18,462,1566,'\0'),(27367,115,445,1650,'\0'),(27368,89,448,1650,'\0'),(27369,65,443,1650,'\0'),(27370,200,447,1650,'\0'),(27371,312,492,1459,'\0'),(27372,315,453,1442,'\0'),(27373,44,454,1650,'\0'),(27374,590,453,1532,'\0'),(27375,8,444,1652,'\0'),(27376,55,456,1650,'\0'),(27377,170,447,1463,'\0'),(27378,70,448,1463,'\0'),(27379,20,485,1670,'\0'),(27380,10,490,1501,'\0'),(27381,65,442,1650,'\0'),(27382,4,469,1471,'\0'),(27383,23,425,1613,'\0'),(27384,15,441,1650,'\0'),(27385,70,421,1650,'\0'),(27386,20,467,1516,'\0'),(27387,30,461,1577,'\0'),(27388,375,495,1548,'\0'),(27389,75.5,461,1547,'\0'),(27390,10,425,1650,'\0'),(27391,190,455,1650,'\0'),(27392,6,469,1621,'\0'),(27393,10,444,1364,'\0'),(27394,20,458,1436,'\0'),(27395,210,447,1600,'\0'),(27396,120,417,1377,'\0'),(27397,20,458,1556,'\0'),(27398,110,443,1600,'\0'),(27399,47,461,1607,'\0'),(27400,125,448,1600,'\0'),(27401,10,444,1648,'\0'),(27402,150,445,1600,'\0'),(27403,40,494,1525,'\0'),(27404,70,442,1600,'\0'),(27405,176,417,1478,'\0'),(27406,20,485,1361,'\0'),(27407,340,453,1425,'\0'),(27408,40,480,1588,'\0'),(27409,20,485,1562,'\0'),(27410,10,444,1688,'\0'),(27411,7,469,1596,'\0'),(27412,530,437,1471,'\0'),(27413,40,480,1620,'\0'),(27414,170,417,1372,'\0'),(27415,30,425,1648,'\0'),(27416,7,469,1356,'\0'),(27417,4,469,1399,'\0'),(27418,10,490,1355,'\0'),(27419,10,490,1625,'\0'),(27420,5,480,1427,'\0'),(27421,49,470,1619,'\0'),(27422,20,485,1355,'\0'),(27423,583,437,1405,'\0'),(27424,15,441,1648,'\0'),(27425,23,425,1463,'\0'),(27426,20,485,1616,'\0'),(27427,210,447,1648,'\0'),(27428,125,448,1648,'\0'),(27429,560,437,1399,'\0'),(27430,3,491,1374,'\0'),(27431,20,467,1609,'\0'),(27432,40,480,1421,'\0'),(27433,450,437,1380,'\0'),(27434,49,467,1434,'\0'),(27435,40,480,1418,'\0'),(27436,52,461,1459,'\0'),(27437,70,448,1385,'\0'),(27438,210,447,1385,'\0'),(27439,70,442,1385,'\0'),(27440,5,444,1598,'\0'),(27441,7,469,1627,'\0'),(27442,410,453,1591,'\0'),(27443,150,445,1385,'\0'),(27444,90,443,1385,'\0'),(27445,360,453,1510,'\0'),(27446,60,456,1385,'\0'),(27447,20,449,1462,'\0'),(27448,61,413,1523,'\0'),(27449,200,455,1385,'\0'),(27450,50,454,1385,'\0'),(27451,312,492,1455,'\0'),(27452,8,444,1472,'\0'),(27453,18,425,1385,'\0'),(27454,44,459,1672,'\0'),(27455,9,444,1384,'\0'),(27456,30,425,1364,'\0'),(27457,23,425,1564,'\0'),(27458,60,430,1564,'\0'),(27459,15,441,1564,'\0'),(27460,20,485,1646,'\0'),(27461,217,489,1671,'\0'),(27462,10,490,1639,'\0'),(27463,20,460,1672,'\0'),(27464,18,462,1672,'\0'),(27465,210,447,1370,'\0'),(27466,125,448,1370,'\0'),(27467,18,462,1420,'\0'),(27468,443,437,1382,'\0'),(27469,51,459,1420,'\0'),(27470,10,425,1531,'\0'),(27471,20,460,1420,'\0'),(27472,125,448,1364,'\0'),(27473,76,407,1622,'\0'),(27474,210,447,1364,'\0'),(27475,130,417,1484,'\0'),(27476,7.5,444,1365,'\0'),(27477,312,492,1462,'\0'),(27478,10,490,1584,'\0'),(27479,104,402,1422,'\0'),(27480,38,454,1531,'\0'),(27481,20,480,1388,'\0'),(27482,55,456,1531,'\0'),(27483,10,444,1569,'\0'),(27484,560,453,1575,'\0'),(27485,180,455,1531,'\0'),(27486,40,480,1605,'\0'),(27487,553,495,1495,'\0'),(27488,13,425,1378,'\0'),(27489,10,490,1373,'\0'),(27490,207,483,1489,'\0'),(27491,38,454,1378,'\0'),(27492,160,455,1378,'\0'),(27493,90,440,1431,'\0'),(27494,60,480,1630,'\0'),(27495,30,425,1370,'\0'),(27496,183,447,1378,'\0'),(27497,60,443,1378,'\0'),(27498,70,448,1378,'\0'),(27499,139,417,1555,'\0'),(27500,20,485,1403,'\0'),(27501,191,417,1547,'\0'),(27502,170,447,1564,'\0'),(27503,125,448,1564,'\0'),(27504,575,453,1565,'\0'),(27505,55,456,1378,'\0'),(27506,392,495,1404,'\0'),(27507,20,480,1685,'\0'),(27508,65,442,1378,'\0'),(27509,95,445,1378,'\0'),(27510,15,441,1620,'\0'),(27511,240,417,1373,'\0'),(27512,150,445,1620,'\0'),(27513,100,443,1620,'\0'),(27514,10,490,1595,'\0'),(27515,135,417,1643,'\0'),(27516,125,448,1620,'\0'),(27517,4,469,1610,'\0'),(27518,210,447,1620,'\0'),(27519,217,418,1551,'\0'),(27520,375,495,1410,'\0'),(27521,52,461,1462,'\0'),(27522,310,453,1647,'\0'),(27523,4,469,1357,'\0'),(27524,470,453,1533,'\0'),(27525,20,485,1564,'\0'),(27526,10,425,1407,'\0'),(27527,265,453,1661,'\0'),(27528,38,454,1407,'\0'),(27529,74,426,1552,'\0'),(27530,217,482,1639,'\0'),(27531,160,455,1407,'\0'),(27532,123,417,1677,'\0'),(27533,80,443,1549,'\0'),(27534,55,456,1407,'\0'),(27535,160,439,1644,'\0'),(27536,64,448,1549,'\0'),(27537,20,480,1593,'\0'),(27538,115,445,1549,'\0'),(27539,20,485,1549,'\0'),(27540,65,442,1549,'\0'),(27541,20,485,1374,'\0'),(27542,95,445,1407,'\0'),(27543,483,437,1669,'\0'),(27544,30,461,1372,'\0'),(27545,90,448,1407,'\0'),(27546,82,417,1390,'\0'),(27547,55,456,1549,'\0'),(27548,70,443,1407,'\0'),(27549,37,461,1489,'\0'),(27550,371,495,1483,'\0'),(27551,44,454,1549,'\0'),(27552,583,437,1506,'\0'),(27553,190,455,1549,'\0'),(27554,183,447,1407,'\0'),(27555,400,437,1372,'\0'),(27556,217,486,1607,'\0'),(27557,10,425,1549,'\0'),(27558,10,490,1387,'\0'),(27559,20,460,1477,'\0'),(27560,15,425,1620,'\0'),(27561,38,459,1477,'\0'),(27562,20,460,1619,'\0'),(27563,44,459,1619,'\0'),(27564,20,485,1583,'\0'),(27565,373,437,1633,'\0'),(27566,4,469,1512,'\0'),(27567,355,453,1366,'\0'),(27568,20,467,1422,'\0'),(27569,70,442,1620,'\0'),(27570,200,455,1620,'\0'),(27571,50,454,1620,'\0'),(27572,75.5,461,1619,'\0'),(27573,60,456,1620,'\0'),(27574,44,454,1546,'\0'),(27575,20,460,1383,'\0'),(27576,51,459,1383,'\0'),(27577,190,455,1546,'\0'),(27578,55,456,1546,'\0'),(27579,160,439,1606,'\0'),(27580,10,444,1462,'\0'),(27581,20,485,1570,'\0'),(27582,47,461,1653,'\0'),(27583,170,499,1354,'\0'),(27584,170,499,1554,'\0'),(27585,295,453,1561,'\0'),(27586,20,449,1616,'\0'),(27587,11,444,1470,'\0'),(27588,10,425,1546,'\0'),(27589,20,485,1620,'\0'),(27590,20,485,1463,'\0'),(27591,5,497,1509,'\0'),(27592,10,496,1509,'\0'),(27593,217,436,1411,'\0'),(27594,20,485,1452,'\0'),(27595,7,469,1392,'\0'),(27596,88,493,1509,'\0'),(27597,15,490,1462,'\0'),(27598,115,445,1546,'\0'),(27599,237,423,1455,'\0'),(27600,94,424,1451,'\0'),(27601,20,485,1376,'\0'),(27602,60,480,1616,'\0'),(27603,65,442,1546,'\0'),(27604,18,462,1462,'\0'),(27605,110,429,1356,'\0'),(27606,200,447,1549,'\0'),(27607,230,447,1546,'\0'),(27608,80,443,1546,'\0'),(27609,165,448,1546,'\0'),(27610,125,448,1630,'\0'),(27611,15,441,1630,'\0'),(27612,76,406,1450,'\0'),(27613,50,415,1524,'\0'),(27614,40,480,1555,'\0'),(27615,210,447,1630,'\0'),(27616,20,485,1407,'\0'),(27617,20,417,1427,'\0'),(27618,20,460,1653,'\0'),(27619,10,425,1570,'\0'),(27620,600,453,1666,'\0'),(27621,518,495,1679,'\0'),(27622,38,459,1653,'\0'),(27623,10,444,1595,'\0'),(27624,190,455,1570,'\0'),(27625,44,454,1570,'\0'),(27626,7,469,1558,'\0'),(27627,55,456,1570,'\0'),(27628,30,425,1630,'\0'),(27629,6,469,1484,'\0'),(27630,130,417,1657,'\0'),(27631,20,461,1383,'\0'),(27632,10,490,1541,'\0'),(27633,10,490,1636,'\0'),(27634,20,485,1488,'\0'),(27635,20,460,1671,'\0'),(27636,38,459,1671,'\0'),(27637,135,417,1421,'\0'),(27638,301,495,1373,'\0'),(27639,207,481,1453,'\0'),(27640,20,480,1529,'\0'),(27641,740,437,1580,'\0'),(27642,10,490,1555,'\0'),(27643,20,472,1513,'\0'),(27644,3,491,1412,'\0'),(27645,15.5,444,1642,'\0'),(27646,7.5,444,1619,'\0'),(27647,6,469,1641,'\0'),(27648,20,485,1449,'\0'),(27649,40,480,1470,'\0'),(27650,237,414,1588,'\0'),(27651,145,463,1510,'\0'),(27652,60,480,1449,'\0'),(27653,550,437,1491,'\0'),(27654,336,495,1569,'\0'),(27655,270,453,1549,'\0'),(27656,265,453,1545,'\0'),(27657,110,429,1658,'\0'),(27658,120,438,1557,'\0'),(27659,6,469,1688,'\0'),(27660,38,459,1489,'\0'),(27661,38,459,1636,'\0'),(27662,12,461,1450,'\0'),(27663,20,460,1489,'\0'),(27664,20,460,1636,'\0'),(27665,40,480,1674,'\0'),(27666,37,461,1636,'\0'),(27667,10,490,1383,'\0'),(27668,75.5,461,1477,'\0'),(27669,10,425,1561,'\0'),(27670,480,437,1569,'\0'),(27671,15,490,1454,'\0'),(27672,44,459,1450,'\0'),(27673,55,456,1561,'\0'),(27674,160,455,1561,'\0'),(27675,38,454,1561,'\0'),(27676,10,490,1470,'\0'),(27677,235,453,1634,'\0'),(27678,238,492,1582,'\0'),(27679,183,447,1561,'\0'),(27680,265,453,1663,'\0'),(27681,65,448,1561,'\0'),(27682,104,402,1657,'\0'),(27683,60,443,1561,'\0'),(27684,518,495,1604,'\0'),(27685,95,445,1561,'\0'),(27686,15,441,1561,'\0'),(27687,49,467,1543,'\0'),(27688,170,446,1446,'\0'),(27689,65,442,1561,'\0'),(27690,40,480,1394,'\0'),(27691,18,462,1635,'\0'),(27692,207,487,1501,'\0'),(27693,7.5,444,1476,'\0'),(27694,20,480,1476,'\0'),(27695,310,417,1455,'\0'),(27696,220,417,1352,'\0'),(27697,9,444,1636,'\0'),(27698,160,439,1603,'\0'),(27699,119,434,1504,'\0'),(27700,60,480,1493,'\0'),(27701,10,490,1548,'\0'),(27702,207,481,1475,'\0'),(27703,51,459,1406,'\0'),(27704,10,453,1400,'\0'),(27705,20,485,1561,'\0'),(27706,10,490,1619,'\0'),(27707,89,448,1685,'\0'),(27708,55,443,1685,'\0'),(27709,119,434,1497,'\0'),(27710,95,445,1685,'\0'),(27711,51,459,1501,'\0'),(27712,15,441,1685,'\0'),(27713,20,460,1501,'\0'),(27714,463,453,1436,'\0'),(27715,139,417,1383,'\0'),(27716,45,442,1685,'\0'),(27717,18,462,1501,'\0'),(27718,160,417,1551,'\0'),(27719,183,447,1685,'\0'),(27720,38,454,1685,'\0'),(27721,150,455,1685,'\0'),(27722,50,461,1582,'\0'),(27723,373,437,1357,'\0'),(27724,20,472,1369,'\0'),(27725,290,492,1577,'\0'),(27726,40,456,1685,'\0'),(27727,438,453,1463,'\0'),(27728,560,437,1404,'\0'),(27729,40,480,1376,'\0'),(27730,415,453,1556,'\0'),(27731,480,437,1610,'\0'),(27732,20,485,1511,'\0'),(27733,35,459,1429,'\0'),(27734,40,480,1385,'\0'),(27735,37,461,1501,'\0'),(27736,483,437,1547,'\0'),(27737,207,487,1362,'\0'),(27738,130,447,1388,'\0'),(27739,6,469,1655,'\0'),(27740,85,405,1669,'\0'),(27741,130,455,1510,'\0'),(27742,35,454,1510,'\0'),(27743,55,456,1510,'\0'),(27744,57,408,1671,'\0'),(27745,60,442,1510,'\0'),(27746,15,441,1510,'\0'),(27747,20,458,1452,'\0'),(27748,130,443,1510,'\0'),(27749,92,428,1506,'\0'),(27750,90,448,1510,'\0'),(27751,165,447,1510,'\0'),(27752,70,421,1637,'\0'),(27753,10,425,1388,'\0'),(27754,20,467,1669,'\0'),(27755,4,469,1373,'\0'),(27756,200,447,1488,'\0'),(27757,120,448,1488,'\0'),(27758,20,485,1397,'\0'),(27759,72,426,1624,'\0'),(27760,740,437,1641,'\0'),(27761,50,415,1367,'\0'),(27762,80,443,1488,'\0'),(27763,70,421,1510,'\0'),(27764,115,445,1488,'\0'),(27765,2,464,1541,'\0'),(27766,76,407,1645,'\0'),(27767,60,430,1510,'\0'),(27768,60,456,1488,'\0'),(27769,20,425,1510,'\0'),(27770,90,448,1388,'\0'),(27771,184,417,1619,'\0'),(27772,95,445,1637,'\0'),(27773,20,485,1540,'\0'),(27774,740,437,1587,'\0'),(27775,183,447,1637,'\0'),(27776,60,443,1637,'\0'),(27777,89,448,1637,'\0'),(27778,310,417,1617,'\0'),(27779,65,442,1637,'\0'),(27780,10,444,1352,'\0'),(27781,38,454,1637,'\0'),(27782,160,455,1637,'\0'),(27783,55,456,1637,'\0'),(27784,40,480,1564,'\0'),(27785,330,453,1542,'\0'),(27786,10,425,1637,'\0'),(27787,9,444,1607,'\0'),(27788,145,463,1401,'\0'),(27789,176,417,1639,'\0'),(27790,40,480,1457,'\0'),(27791,20,467,1451,'\0'),(27792,105,495,1390,'\0'),(27793,290,492,1566,'\0'),(27794,20,480,1598,'\0'),(27795,15,425,1358,'\0'),(27796,38,454,1479,'\0'),(27797,55,456,1479,'\0'),(27798,160,455,1479,'\0'),(27799,40,480,1460,'\0'),(27800,240,417,1569,'\0'),(27801,20,485,1630,'\0'),(27802,115,438,1465,'\0'),(27803,10,425,1479,'\0'),(27804,70,421,1685,'\0'),(27805,550,437,1469,'\0'),(27806,20,485,1358,'\0'),(27807,190,455,1488,'\0'),(27808,44,454,1488,'\0'),(27809,10,425,1488,'\0'),(27810,10,425,1685,'\0'),(27811,40,480,1581,'\0'),(27812,120,448,1479,'\0'),(27813,20,485,1685,'\0'),(27814,70,443,1479,'\0'),(27815,95,445,1479,'\0'),(27816,20,467,1459,'\0'),(27817,183,447,1479,'\0'),(27818,200,447,1570,'\0'),(27819,70,442,1389,'\0'),(27820,45,442,1397,'\0'),(27821,150,445,1389,'\0'),(27822,150,455,1397,'\0'),(27823,70,421,1540,'\0'),(27824,38,454,1397,'\0'),(27825,60,456,1389,'\0'),(27826,40,456,1397,'\0'),(27827,50,461,1569,'\0'),(27828,10,498,1492,'\0'),(27829,79,409,1475,'\0'),(27830,200,455,1389,'\0'),(27831,65,442,1570,'\0'),(27832,160,439,1586,'\0'),(27833,50,454,1389,'\0'),(27834,75.5,461,1639,'\0'),(27835,20,485,1522,'\0'),(27836,115,445,1570,'\0'),(27837,95,445,1397,'\0'),(27838,65,443,1397,'\0'),(27839,65,448,1570,'\0'),(27840,18,425,1389,'\0'),(27841,20,480,1472,'\0'),(27842,130,447,1397,'\0'),(27843,65,443,1570,'\0'),(27844,386,437,1474,'\0'),(27845,60,456,1540,'\0'),(27846,100,443,1540,'\0'),(27847,150,445,1540,'\0'),(27848,44,459,1622,'\0'),(27849,20,460,1622,'\0'),(27850,70,442,1540,'\0'),(27851,325,453,1424,'\0'),(27852,20,485,1510,'\0'),(27853,438,453,1585,'\0'),(27854,15,425,1540,'\0'),(27855,20,485,1594,'\0'),(27856,70,448,1389,'\0'),(27857,240,417,1483,'\0'),(27858,90,443,1389,'\0'),(27859,150,445,1511,'\0'),(27860,210,447,1389,'\0'),(27861,52,454,1540,'\0'),(27862,220,455,1540,'\0'),(27863,115,443,1511,'\0'),(27864,168,447,1511,'\0'),(27865,270,417,1595,'\0'),(27866,386,437,1574,'\0'),(27867,207,481,1406,'\0'),(27868,70,442,1511,'\0'),(27869,20,460,1639,'\0'),(27870,52,454,1511,'\0'),(27871,38,459,1639,'\0'),(27872,9,444,1555,'\0'),(27873,60,456,1511,'\0'),(27874,23,425,1452,'\0'),(27875,20,480,1652,'\0'),(27876,237,423,1617,'\0'),(27877,200,492,1377,'\0'),(27878,220,455,1511,'\0'),(27879,15,425,1511,'\0'),(27880,237,423,1462,'\0'),(27881,443,437,1602,'\0'),(27882,70,448,1452,'\0'),(27883,20,485,1490,'\0'),(27884,170,447,1452,'\0'),(27885,10,425,1397,'\0'),(27886,49,467,1506,'\0'),(27887,150,437,1446,'\0'),(27888,240,417,1582,'\0'),(27889,6,469,1602,'\0'),(27890,300,437,1377,'\0'),(27891,38,459,1475,'\0'),(27892,15,425,1594,'\0'),(27893,740,437,1682,'\0'),(27894,52,454,1594,'\0'),(27895,220,455,1594,'\0'),(27896,10,490,1352,'\0'),(27897,15,441,1522,'\0'),(27898,9,444,1672,'\0'),(27899,350,443,1522,'\0'),(27900,90,448,1522,'\0'),(27901,60,456,1594,'\0'),(27902,23,425,1490,'\0'),(27903,150,445,1594,'\0'),(27904,15,441,1594,'\0'),(27905,70,442,1594,'\0'),(27906,790,437,1495,'\0'),(27907,158,448,1532,'\0'),(27908,350,443,1532,'\0'),(27909,18,462,1582,'\0'),(27910,57,408,1435,'\0'),(27911,4,469,1489,'\0'),(27912,52,461,1688,'\0'),(27913,600,453,1601,'\0'),(27914,70,421,1522,'\0'),(27915,40,480,1355,'\0'),(27916,4,469,1404,'\0'),(27917,25,425,1522,'\0'),(27918,170,447,1490,'\0'),(27919,130,455,1522,'\0'),(27920,139,417,1501,'\0'),(27921,35,454,1522,'\0'),(27922,125,448,1490,'\0'),(27923,10,490,1421,'\0'),(27924,210,447,1676,'\0'),(27925,25,425,1532,'\0'),(27926,125,448,1676,'\0'),(27927,207,483,1636,'\0'),(27928,15,441,1676,'\0'),(27929,6,469,1495,'\0'),(27930,130,455,1532,'\0'),(27931,20,485,1676,'\0'),(27932,35,454,1532,'\0'),(27933,79,409,1639,'\0'),(27934,6,469,1682,'\0'),(27935,280,453,1499,'\0'),(27936,470,453,1517,'\0'),(27937,290,466,1578,'\0'),(27938,30,425,1676,'\0'),(27939,40,480,1650,'\0'),(27940,119,432,1599,'\0'),(27941,190,455,1382,'\0'),(27942,44,454,1382,'\0'),(27943,10,444,1447,'\0'),(27944,55,456,1382,'\0'),(27945,463,453,1444,'\0'),(27946,40,480,1526,'\0'),(27947,15,425,1421,'\0'),(27948,49,470,1639,'\0'),(27949,20,485,1413,'\0'),(27950,65,442,1382,'\0'),(27951,115,445,1382,'\0'),(27952,70,448,1382,'\0'),(27953,65,443,1382,'\0'),(27954,200,447,1382,'\0'),(27955,15,490,1415,'\0'),(27956,60,456,1421,'\0'),(27957,66,412,1543,'\0'),(27958,200,455,1421,'\0'),(27959,50,454,1421,'\0'),(27960,105,495,1652,'\0'),(27961,493,453,1648,'\0'),(27962,184,417,1520,'\0'),(27963,10,444,1605,'\0'),(27964,210,447,1421,'\0'),(27965,40,480,1649,'\0'),(27966,10,490,1655,'\0'),(27967,90,448,1421,'\0'),(27968,6,469,1629,'\0'),(27969,100,443,1421,'\0'),(27970,150,445,1421,'\0'),(27971,237,414,1569,'\0'),(27972,237,423,1630,'\0'),(27973,150,492,1372,'\0'),(27974,3,491,1667,'\0'),(27975,13,425,1382,'\0'),(27976,200,417,1463,'\0'),(27977,15,425,1430,'\0'),(27978,443,437,1622,'\0'),(27979,430,437,1457,'\0'),(27980,217,482,1547,'\0'),(27981,305,453,1521,'\0'),(27982,207,483,1627,'\0'),(27983,10,444,1354,'\0'),(27984,165,447,1417,'\0'),(27985,430,437,1468,'\0'),(27986,60,443,1430,'\0'),(27987,125,448,1430,'\0'),(27988,57,408,1685,'\0'),(27989,130,447,1430,'\0'),(27990,40,480,1612,'\0'),(27991,15,441,1430,'\0'),(27992,3,491,1624,'\0'),(27993,55,456,1417,'\0'),(27994,130,443,1417,'\0'),(27995,90,448,1417,'\0'),(27996,20,485,1365,'\0'),(27997,15,441,1417,'\0'),(27998,550,437,1460,'\0'),(27999,60,442,1417,'\0'),(28000,49,470,1357,'\0'),(28001,20,460,1665,'\0'),(28002,76,406,1659,'\0'),(28003,583,437,1369,'\0'),(28004,20,425,1417,'\0'),(28005,20,460,1384,'\0'),(28006,51,459,1392,'\0'),(28007,35,454,1417,'\0'),(28008,207,411,1553,'\0'),(28009,130,455,1417,'\0'),(28010,38,459,1665,'\0'),(28011,18,462,1474,'\0'),(28012,37,461,1507,'\0'),(28013,20,460,1474,'\0'),(28014,38,459,1474,'\0'),(28015,52,461,1614,'\0'),(28016,60,430,1417,'\0'),(28017,70,421,1417,'\0'),(28018,30,461,1354,'\0'),(28019,10,425,1360,'\0'),(28020,10,444,1436,'\0'),(28021,217,488,1548,'\0'),(28022,6,469,1587,'\0'),(28023,92,428,1511,'\0'),(28024,10,425,1681,'\0'),(28025,45,442,1360,'\0'),(28026,10,490,1581,'\0'),(28027,150,455,1360,'\0'),(28028,38,454,1360,'\0'),(28029,40,456,1360,'\0'),(28030,4,469,1503,'\0'),(28031,10,444,1373,'\0'),(28032,15,441,1360,'\0'),(28033,330,453,1609,'\0'),(28034,95,445,1360,'\0'),(28035,483,495,1688,'\0'),(28036,55,443,1360,'\0'),(28037,65,448,1360,'\0'),(28038,183,447,1360,'\0'),(28039,325,453,1531,'\0'),(28040,290,447,1681,'\0'),(28041,6,469,1477,'\0'),(28042,70,448,1554,'\0'),(28043,150,447,1554,'\0'),(28044,410,453,1364,'\0'),(28045,207,487,1368,'\0'),(28046,20,485,1479,'\0'),(28047,130,417,1422,'\0'),(28048,550,437,1381,'\0'),(28049,6,469,1616,'\0'),(28050,120,438,1471,'\0'),(28051,493,453,1455,'\0'),(28052,74,426,1551,'\0'),(28053,10,490,1437,'\0'),(28054,104,402,1626,'\0'),(28055,37,461,1498,'\0'),(28056,360,453,1607,'\0'),(28057,10,490,1531,'\0'),(28058,245,453,1645,'\0'),(28059,15,425,1554,'\0'),(28060,20,485,1468,'\0'),(28061,20,468,1417,'\0'),(28062,11,444,1498,'\0'),(28063,38,459,1453,'\0'),(28064,18,462,1608,'\0'),(28065,7,469,1418,'\0'),(28066,47,461,1599,'\0'),(28067,105,495,1598,'\0'),(28068,70,461,1390,'\0'),(28069,40,480,1453,'\0'),(28070,52,461,1466,'\0'),(28071,7.5,444,1542,'\0'),(28072,217,486,1620,'\0'),(28073,123,417,1476,'\0'),(28074,15,490,1597,'\0'),(28075,220,417,1353,'\0'),(28076,6,469,1519,'\0'),(28077,5,444,1527,'\0'),(28078,104,427,1640,'\0'),(28079,980,437,1525,'\0'),(28080,40,480,1448,'\0'),(28081,386,437,1479,'\0'),(28082,23,425,1684,'\0'),(28083,7.5,444,1631,'\0'),(28084,160,439,1568,'\0'),(28085,37,461,1362,'\0'),(28086,207,487,1513,'\0'),(28087,160,455,1639,'\0'),(28088,3,491,1401,'\0'),(28089,55,456,1639,'\0'),(28090,18,462,1411,'\0'),(28091,38,454,1639,'\0'),(28092,365,453,1504,'\0'),(28093,133,417,1654,'\0'),(28094,20,472,1501,'\0'),(28095,65,442,1639,'\0'),(28096,170,447,1684,'\0'),(28097,125,448,1684,'\0'),(28098,217,447,1639,'\0'),(28099,20,485,1414,'\0'),(28100,40,480,1571,'\0'),(28101,95,445,1639,'\0'),(28102,6,469,1580,'\0'),(28103,70,443,1639,'\0'),(28104,165,448,1639,'\0'),(28105,20,460,1413,'\0'),(28106,340,453,1371,'\0'),(28107,44,459,1413,'\0'),(28108,3,491,1465,'\0'),(28109,10,490,1623,'\0'),(28110,6,469,1604,'\0'),(28111,238,492,1569,'\0'),(28112,35,459,1411,'\0'),(28113,123,417,1481,'\0'),(28114,20,460,1426,'\0'),(28115,38,459,1426,'\0'),(28116,237,414,1458,'\0'),(28117,207,487,1650,'\0'),(28118,20,472,1685,'\0'),(28119,18,462,1426,'\0'),(28120,49,467,1503,'\0'),(28121,123,417,1561,'\0'),(28122,170,499,1372,'\0'),(28123,38,459,1571,'\0'),(28124,10,444,1589,'\0'),(28125,20,460,1571,'\0'),(28126,38,459,1395,'\0'),(28127,20,460,1395,'\0'),(28128,373,437,1365,'\0'),(28129,8,444,1496,'\0'),(28130,18,462,1448,'\0'),(28131,40,480,1600,'\0'),(28132,30,461,1527,'\0'),(28133,160,439,1480,'\0'),(28134,7,469,1673,'\0'),(28135,135,417,1558,'\0'),(28136,20,467,1533,'\0'),(28137,450,437,1428,'\0'),(28138,20,485,1608,'\0'),(28139,40,480,1411,'\0'),(28140,119,432,1501,'\0'),(28141,18,462,1414,'\0'),(28142,15,490,1648,'\0'),(28143,20,485,1474,'\0'),(28144,10,490,1385,'\0'),(28145,170,453,1509,'\0'),(28146,37,461,1496,'\0'),(28147,20,485,1665,'\0'),(28148,4,469,1582,'\0'),(28149,20,480,1395,'\0'),(28150,9,444,1599,'\0'),(28151,6,469,1409,'\0'),(28152,52,461,1589,'\0'),(28153,72,426,1401,'\0'),(28154,20,485,1457,'\0'),(28155,207,483,1651,'\0'),(28156,6,469,1375,'\0'),(28157,52,461,1447,'\0'),(28158,10,444,1466,'\0'),(28159,20,472,1360,'\0'),(28160,150,455,1680,'\0'),(28161,38,454,1680,'\0'),(28162,301,495,1457,'\0'),(28163,20,485,1600,'\0'),(28164,310,417,1459,'\0'),(28165,40,456,1680,'\0'),(28166,217,486,1428,'\0'),(28167,20,467,1417,'\0'),(28168,45,442,1680,'\0'),(28169,310,417,1664,'\0'),(28170,49,467,1619,'\0'),(28171,30,425,1568,'\0'),(28172,119,432,1383,'\0'),(28173,70,421,1680,'\0'),(28174,18,462,1435,'\0'),(28175,38,459,1637,'\0'),(28176,10,425,1680,'\0'),(28177,20,460,1637,'\0'),(28178,207,420,1515,'\0'),(28179,7,469,1506,'\0'),(28180,10,490,1557,'\0'),(28181,40,494,1538,'\0'),(28182,550,437,1600,'\0'),(28183,493,453,1682,'\0'),(28184,518,495,1611,'\0'),(28185,40,480,1428,'\0'),(28186,750,453,1520,'\0'),(28187,50,415,1430,'\0'),(28188,123,417,1560,'\0'),(28189,8,469,1615,'\0'),(28190,10,425,1543,'\0'),(28191,40,480,1381,'\0'),(28192,20,485,1396,'\0'),(28193,15,490,1364,'\0'),(28194,207,487,1369,'\0'),(28195,65,442,1543,'\0'),(28196,20,485,1652,'\0'),(28197,4,469,1430,'\0'),(28198,180,455,1543,'\0'),(28199,38,454,1543,'\0'),(28200,55,456,1543,'\0'),(28201,9,444,1386,'\0'),(28202,40,480,1494,'\0'),(28203,217,478,1494,'\0'),(28204,40,480,1461,'\0'),(28205,790,437,1635,'\0'),(28206,207,420,1522,'\0'),(28207,115,445,1543,'\0'),(28208,10,444,1584,'\0'),(28209,70,443,1543,'\0'),(28210,165,448,1543,'\0'),(28211,230,447,1543,'\0'),(28212,125,448,1568,'\0'),(28213,210,447,1568,'\0'),(28214,310,417,1441,'\0'),(28215,6,469,1485,'\0'),(28216,300,417,1502,'\0'),(28217,207,422,1367,'\0'),(28218,6,469,1546,'\0'),(28219,89,404,1368,'\0'),(28220,30,461,1510,'\0'),(28221,443,437,1513,'\0'),(28222,170,499,1556,'\0'),(28223,10,444,1483,'\0'),(28224,312,492,1451,'\0'),(28225,480,437,1458,'\0'),(28226,75.5,461,1542,'\0'),(28227,20,467,1683,'\0'),(28228,10,425,1629,'\0'),(28229,90,440,1618,'\0'),(28230,427,495,1518,'\0'),(28231,5,490,1446,'\0'),(28232,20,485,1426,'\0'),(28233,10,490,1512,'\0'),(28234,10,425,1639,'\0'),(28235,20,467,1430,'\0'),(28236,15,490,1441,'\0'),(28237,40,480,1669,'\0'),(28238,20,485,1635,'\0'),(28239,70,443,1629,'\0'),(28240,115,445,1629,'\0'),(28241,76,406,1625,'\0'),(28242,20,485,1650,'\0'),(28243,200,447,1629,'\0'),(28244,125,448,1629,'\0'),(28245,65,442,1629,'\0'),(28246,38,454,1629,'\0'),(28247,180,455,1629,'\0'),(28248,55,456,1629,'\0'),(28249,416,437,1368,'\0'),(28250,10,444,1686,'\0'),(28251,72,426,1417,'\0'),(28252,6,469,1683,'\0'),(28253,518,495,1580,'\0'),(28254,10,490,1521,'\0'),(28255,60,480,1462,'\0'),(28256,30,461,1436,'\0'),(28257,265,453,1416,'\0'),(28258,95,445,1680,'\0'),(28259,15,441,1680,'\0'),(28260,89,448,1680,'\0'),(28261,55,443,1680,'\0'),(28262,183,447,1680,'\0'),(28263,139,417,1387,'\0'),(28264,44,459,1546,'\0'),(28265,110,429,1421,'\0'),(28266,237,414,1457,'\0'),(28267,6,469,1449,'\0'),(28268,355,453,1581,'\0'),(28269,50,459,1494,'\0'),(28270,40,480,1458,'\0'),(28271,20,460,1494,'\0'),(28272,20,485,1356,'\0'),(28273,6,469,1619,'\0'),(28274,79,409,1479,'\0'),(28275,60,480,1604,'\0'),(28276,90,440,1430,'\0'),(28277,20,460,1546,'\0'),(28278,433,453,1586,'\0'),(28279,30,425,1480,'\0'),(28280,10,490,1497,'\0'),(28281,250,492,1556,'\0'),(28282,145,463,1417,'\0'),(28283,293,453,1404,'\0'),(28284,10,490,1574,'\0'),(28285,583,437,1627,'\0'),(28286,280,453,1535,'\0'),(28287,120,438,1585,'\0'),(28288,37,461,1672,'\0'),(28289,20,485,1440,'\0'),(28290,10,490,1463,'\0'),(28291,8,444,1677,'\0'),(28292,125,448,1480,'\0'),(28293,20,477,1430,'\0'),(28294,44,459,1647,'\0'),(28295,20,460,1647,'\0'),(28296,18,462,1647,'\0'),(28297,210,447,1480,'\0'),(28298,18,462,1451,'\0'),(28299,37,461,1634,'\0'),(28300,15,441,1480,'\0'),(28301,6,469,1462,'\0'),(28302,8,469,1499,'\0'),(28303,139,417,1371,'\0'),(28304,20,485,1514,'\0'),(28305,50,415,1393,'\0'),(28306,312,492,1517,'\0'),(28307,23,425,1471,'\0'),(28308,95,445,1633,'\0'),(28309,65,443,1633,'\0'),(28310,45,442,1633,'\0'),(28311,52,454,1501,'\0'),(28312,200,417,1379,'\0'),(28313,220,455,1501,'\0'),(28314,40,456,1633,'\0'),(28315,60,456,1501,'\0'),(28316,10,444,1603,'\0'),(28317,312,492,1473,'\0'),(28318,255,453,1671,'\0'),(28319,15,441,1501,'\0'),(28320,65,442,1659,'\0'),(28321,70,442,1501,'\0'),(28322,100,443,1501,'\0'),(28323,115,445,1659,'\0'),(28324,150,445,1501,'\0'),(28325,200,447,1659,'\0'),(28326,125,448,1633,'\0'),(28327,210,447,1501,'\0'),(28328,170,447,1471,'\0'),(28329,89,448,1659,'\0'),(28330,183,447,1633,'\0'),(28331,70,443,1659,'\0'),(28332,65,448,1501,'\0'),(28333,125,448,1471,'\0'),(28334,20,485,1598,'\0'),(28335,10,490,1469,'\0'),(28336,9,444,1670,'\0'),(28337,20,485,1513,'\0'),(28338,10,490,1613,'\0'),(28339,518,495,1583,'\0'),(28340,49,470,1543,'\0'),(28341,15,425,1501,'\0'),(28342,207,484,1626,'\0'),(28343,10,444,1614,'\0'),(28344,255,453,1578,'\0'),(28345,143,417,1607,'\0'),(28346,40,480,1468,'\0'),(28347,238,492,1590,'\0'),(28348,50,461,1605,'\0'),(28349,20,461,1420,'\0'),(28350,217,478,1479,'\0'),(28351,20,485,1622,'\0'),(28352,40,480,1479,'\0'),(28353,10,490,1678,'\0'),(28354,20,485,1460,'\0'),(28355,416,437,1636,'\0'),(28356,51,459,1506,'\0'),(28357,20,460,1506,'\0'),(28358,20,460,1615,'\0'),(28359,51,459,1615,'\0'),(28360,10,425,1659,'\0'),(28361,6,469,1533,'\0'),(28362,18,462,1615,'\0'),(28363,20,460,1435,'\0'),(28364,44,454,1659,'\0'),(28365,115,438,1508,'\0'),(28366,4,469,1401,'\0'),(28367,190,455,1659,'\0'),(28368,300,417,1666,'\0'),(28369,38,459,1435,'\0'),(28370,8,444,1475,'\0'),(28371,10,444,1559,'\0'),(28372,55,456,1659,'\0'),(28373,315,453,1476,'\0'),(28374,900,437,1461,'\0'),(28375,38,454,1633,'\0'),(28376,150,455,1633,'\0'),(28377,70,421,1659,'\0'),(28378,49,474,1401,'\0'),(28379,7.5,444,1549,'\0'),(28380,10,425,1633,'\0'),(28381,95,445,1472,'\0'),(28382,55,443,1472,'\0'),(28383,70,448,1472,'\0'),(28384,135,417,1385,'\0'),(28385,295,453,1412,'\0'),(28386,183,447,1472,'\0'),(28387,125,448,1611,'\0'),(28388,40,480,1352,'\0'),(28389,210,447,1611,'\0'),(28390,515,453,1502,'\0'),(28391,20,485,1615,'\0'),(28392,47,461,1620,'\0'),(28393,18,462,1467,'\0'),(28394,20,449,1533,'\0'),(28395,150,447,1391,'\0'),(28396,70,448,1391,'\0'),(28397,40,480,1569,'\0'),(28398,15,444,1626,'\0'),(28399,20,485,1539,'\0'),(28400,10,490,1407,'\0'),(28401,13,425,1472,'\0'),(28402,4,469,1396,'\0'),(28403,30,425,1375,'\0'),(28404,143,417,1437,'\0'),(28405,310,417,1644,'\0'),(28406,10,453,1433,'\0'),(28407,262,453,1380,'\0'),(28408,30,425,1611,'\0'),(28409,38,454,1472,'\0'),(28410,6,469,1426,'\0'),(28411,150,455,1472,'\0'),(28412,89,448,1499,'\0'),(28413,210,447,1499,'\0'),(28414,40,456,1472,'\0'),(28415,7.5,444,1671,'\0'),(28416,45,442,1472,'\0'),(28417,495,453,1536,'\0'),(28418,207,419,1525,'\0'),(28419,115,445,1519,'\0'),(28420,70,443,1519,'\0'),(28421,64,448,1519,'\0'),(28422,200,447,1519,'\0'),(28423,237,414,1584,'\0'),(28424,4,469,1411,'\0'),(28425,6,469,1632,'\0'),(28426,63,426,1557,'\0'),(28427,47,461,1541,'\0'),(28428,10,425,1539,'\0'),(28429,10,490,1425,'\0'),(28430,55,456,1539,'\0'),(28431,20,485,1636,'\0'),(28432,20,485,1375,'\0'),(28433,38,454,1539,'\0'),(28434,160,455,1539,'\0'),(28435,65,442,1539,'\0'),(28436,330,492,1443,'\0'),(28437,10,425,1519,'\0'),(28438,70,443,1539,'\0'),(28439,125,448,1539,'\0'),(28440,10,490,1564,'\0'),(28441,15,441,1539,'\0'),(28442,95,445,1539,'\0'),(28443,180,455,1519,'\0'),(28444,38,454,1519,'\0'),(28445,6,444,1367,'\0'),(28446,183,447,1539,'\0'),(28447,55,456,1519,'\0'),(28448,30,461,1548,'\0'),(28449,65,442,1519,'\0'),(28450,210,447,1615,'\0'),(28451,20,485,1515,'\0'),(28452,740,437,1611,'\0'),(28453,217,489,1631,'\0'),(28454,515,453,1492,'\0'),(28455,191,417,1550,'\0'),(28456,10,490,1668,'\0'),(28457,310,417,1606,'\0'),(28458,10,444,1452,'\0'),(28459,980,437,1515,'\0'),(28460,49,470,1477,'\0'),(28461,18,462,1683,'\0'),(28462,9,444,1620,'\0'),(28463,336,495,1458,'\0'),(28464,6,469,1591,'\0'),(28465,79,410,1365,'\0'),(28466,100,417,1388,'\0'),(28467,40,480,1361,'\0'),(28468,60,456,1499,'\0'),(28469,18,462,1616,'\0'),(28470,125,448,1375,'\0'),(28471,210,447,1375,'\0'),(28472,70,442,1499,'\0'),(28473,300,417,1415,'\0'),(28474,150,445,1499,'\0'),(28475,210,447,1497,'\0'),(28476,20,485,1406,'\0'),(28477,100,443,1499,'\0'),(28478,20,467,1411,'\0'),(28479,15,425,1499,'\0'),(28480,20,460,1683,'\0'),(28481,38,459,1683,'\0'),(28482,120,417,1623,'\0'),(28483,4,469,1402,'\0'),(28484,52,454,1499,'\0'),(28485,220,455,1499,'\0'),(28486,50,459,1642,'\0'),(28487,15,425,1615,'\0'),(28488,170,499,1426,'\0'),(28489,60,456,1497,'\0'),(28490,220,455,1497,'\0'),(28491,52,454,1497,'\0'),(28492,6,469,1625,'\0'),(28493,40,480,1547,'\0'),(28494,38,459,1470,'\0'),(28495,220,455,1615,'\0'),(28496,52,454,1615,'\0'),(28497,15,425,1497,'\0'),(28498,20,460,1470,'\0'),(28499,70,421,1499,'\0'),(28500,60,456,1615,'\0'),(28501,115,443,1497,'\0'),(28502,120,448,1497,'\0'),(28503,150,445,1497,'\0'),(28504,70,442,1615,'\0'),(28505,15,441,1615,'\0'),(28506,150,445,1615,'\0'),(28507,20,485,1499,'\0'),(28508,110,443,1615,'\0'),(28509,20,460,1642,'\0'),(28510,125,448,1615,'\0'),(28511,10,425,1456,'\0'),(28512,125,448,1533,'\0'),(28513,10,490,1471,'\0'),(28514,15,441,1533,'\0'),(28515,217,401,1652,'\0'),(28516,180,492,1440,'\0'),(28517,66,412,1623,'\0'),(28518,4,469,1360,'\0'),(28519,518,495,1630,'\0'),(28520,18,462,1593,'\0'),(28521,38,459,1593,'\0'),(28522,79,410,1496,'\0'),(28523,20,460,1593,'\0'),(28524,210,447,1533,'\0'),(28525,105,495,1553,'\0'),(28526,150,437,1553,'\0'),(28527,410,453,1603,'\0'),(28528,160,417,1552,'\0'),(28529,30,425,1533,'\0'),(28530,115,445,1636,'\0'),(28531,12,461,1380,'\0'),(28532,60,443,1636,'\0'),(28533,20,485,1519,'\0'),(28534,65,442,1636,'\0'),(28535,10,490,1491,'\0'),(28536,60,456,1678,'\0'),(28537,50,454,1678,'\0'),(28538,250,453,1408,'\0'),(28539,89,448,1636,'\0'),(28540,30,461,1366,'\0'),(28541,200,455,1678,'\0'),(28542,150,437,1598,'\0'),(28543,980,495,1532,'\0'),(28544,200,447,1636,'\0'),(28545,40,480,1619,'\0'),(28546,40,480,1489,'\0'),(28547,4,469,1393,'\0'),(28548,120,448,1678,'\0'),(28549,20,485,1556,'\0'),(28550,210,447,1678,'\0'),(28551,386,437,1523,'\0'),(28552,150,445,1678,'\0'),(28553,10,444,1399,'\0'),(28554,100,443,1678,'\0'),(28555,200,447,1456,'\0'),(28556,70,421,1636,'\0'),(28557,70,443,1456,'\0'),(28558,65,448,1456,'\0'),(28559,115,445,1456,'\0'),(28560,38,459,1376,'\0'),(28561,15,441,1456,'\0'),(28562,65,442,1456,'\0'),(28563,5,490,1393,'\0'),(28564,312,492,1644,'\0'),(28565,10,444,1377,'\0'),(28566,4,469,1579,'\0'),(28567,10,425,1636,'\0'),(28568,38,454,1636,'\0'),(28569,180,455,1636,'\0'),(28570,295,453,1524,'\0'),(28571,55,456,1456,'\0'),(28572,44,454,1456,'\0'),(28573,190,455,1456,'\0'),(28574,15,425,1678,'\0'),(28575,11,444,1627,'\0'),(28576,18,462,1539,'\0'),(28577,55,456,1636,'\0'),(28578,38,459,1539,'\0'),(28579,9,444,1380,'\0'),(28580,20,460,1539,'\0'),(28581,310,417,1473,'\0'),(28582,20,485,1611,'\0'),(28583,40,480,1601,'\0'),(28584,30,461,1575,'\0'),(28585,237,414,1605,'\0'),(28586,240,453,1388,'\0'),(28587,300,417,1492,'\0'),(28588,49,467,1395,'\0'),(28589,20,485,1456,'\0'),(28590,66,412,1629,'\0'),(28591,9,444,1570,'\0'),(28592,10,490,1450,'\0'),(28593,10,444,1682,'\0'),(28594,7,469,1384,'\0'),(28595,94,424,1533,'\0'),(28596,10,490,1602,'\0'),(28597,119,434,1594,'\0'),(28598,37,461,1627,'\0'),(28599,6,469,1568,'\0'),(28600,79,409,1631,'\0'),(28601,20,480,1377,'\0'),(28602,290,447,1464,'\0'),(28603,92,428,1596,'\0'),(28604,110,429,1389,'\0'),(28605,120,438,1562,'\0'),(28606,10,490,1394,'\0'),(28607,240,417,1581,'\0'),(28608,120,435,1509,'\0'),(28609,360,453,1420,'\0'),(28610,10,425,1464,'\0'),(28611,238,492,1588,'\0'),(28612,483,437,1651,'\0'),(28613,37,461,1513,'\0'),(28614,104,402,1650,'\0'),(28615,240,417,1590,'\0'),(28616,217,403,1598,'\0'),(28617,143,417,1497,'\0'),(28618,10,490,1543,'\0'),(28619,60,480,1583,'\0'),(28620,50,459,1356,'\0'),(28621,20,460,1356,'\0'),(28622,52,461,1603,'\0'),(28623,146,417,1412,'\0'),(28624,15,490,1577,'\0'),(28625,310,417,1648,'\0'),(28626,104,427,1450,'\0'),(28627,7,469,1494,'\0'),(28628,3,491,1410,'\0'),(28629,160,439,1587,'\0'),(28630,20,485,1368,'\0'),(28631,20,485,1538,'\0'),(28632,6,469,1486,'\0'),(28633,104,402,1513,'\0'),(28634,4,469,1539,'\0'),(28635,9,444,1547,'\0'),(28636,345,453,1550,'\0'),(28637,20,461,1386,'\0'),(28638,20,467,1462,'\0'),(28639,61,413,1470,'\0'),(28640,360,453,1437,'\0'),(28641,30,425,1679,'\0'),(28642,8,444,1358,'\0'),(28643,92,431,1615,'\0'),(28644,30,425,1591,'\0'),(28645,94,424,1462,'\0'),(28646,90,440,1446,'\0'),(28647,125,448,1679,'\0'),(28648,443,437,1650,'\0'),(28649,300,417,1597,'\0'),(28650,15,441,1679,'\0'),(28651,125,448,1591,'\0'),(28652,480,437,1584,'\0'),(28653,272,453,1385,'\0'),(28654,210,447,1591,'\0'),(28655,20,457,1412,'\0'),(28656,237,414,1468,'\0'),(28657,135,417,1678,'\0'),(28658,210,447,1679,'\0'),(28659,11,444,1397,'\0'),(28660,40,480,1626,'\0'),(28661,47,461,1609,'\0'),(28662,52,461,1686,'\0'),(28663,120,438,1490,'\0'),(28664,20,460,1660,'\0'),(28665,38,459,1660,'\0'),(28666,20,485,1647,'\0'),(28667,20,480,1595,'\0'),(28668,143,417,1394,'\0'),(28669,312,492,1493,'\0'),(28670,130,417,1656,'\0'),(28671,240,417,1557,'\0'),(28672,94,424,1455,'\0'),(28673,438,453,1564,'\0'),(28674,217,418,1399,'\0'),(28675,6,469,1660,'\0'),(28676,119,432,1491,'\0'),(28677,40,480,1562,'\0'),(28678,740,437,1679,'\0'),(28679,3,491,1508,'\0'),(28680,340,453,1498,'\0'),(28681,312,492,1606,'\0'),(28682,375,495,1624,'\0'),(28683,6,469,1453,'\0'),(28684,301,495,1468,'\0'),(28685,180,455,1623,'\0'),(28686,38,454,1623,'\0'),(28687,220,453,1393,'\0'),(28688,10,490,1371,'\0'),(28689,270,453,1668,'\0'),(28690,290,492,1492,'\0'),(28691,55,456,1623,'\0'),(28692,20,471,1425,'\0'),(28693,365,453,1434,'\0'),(28694,4,469,1470,'\0'),(28695,150,437,1652,'\0'),(28696,207,487,1498,'\0'),(28697,15,490,1502,'\0'),(28698,20,485,1579,'\0'),(28699,20,467,1539,'\0'),(28700,10,425,1623,'\0'),(28701,500,437,1612,'\0'),(28702,200,417,1363,'\0'),(28703,10,490,1412,'\0'),(28704,61,413,1539,'\0'),(28705,65,442,1623,'\0'),(28706,115,445,1623,'\0'),(28707,70,443,1623,'\0'),(28708,980,495,1525,'\0'),(28709,80,417,1509,'\0'),(28710,20,485,1518,'\0'),(28711,156,447,1623,'\0'),(28712,20,485,1674,'\0'),(28713,415,453,1573,'\0'),(28714,20,485,1548,'\0'),(28715,470,453,1516,'\0'),(28716,15,444,1522,'\0'),(28717,9,444,1594,'\0'),(28718,47,461,1365,'\0'),(28719,217,478,1670,'\0'),(28720,40,480,1670,'\0'),(28721,7.5,444,1488,'\0'),(28722,583,437,1674,'\0'),(28723,4,469,1665,'\0'),(28724,1100,437,1575,'\0'),(28725,535,437,1548,'\0'),(28726,60,480,1646,'\0'),(28727,50,461,1584,'\0'),(28728,410,453,1473,'\0'),(28729,40,480,1559,'\0'),(28730,40,480,1663,'\0'),(28731,217,478,1663,'\0'),(28732,10,444,1630,'\0'),(28733,20,485,1679,'\0'),(28734,20,458,1575,'\0'),(28735,1200,437,1565,'\0'),(28736,20,467,1615,'\0'),(28737,38,459,1396,'\0'),(28738,9,444,1420,'\0'),(28739,49,474,1503,'\0'),(28740,270,453,1621,'\0'),(28741,70,461,1553,'\0'),(28742,10,444,1458,'\0'),(28743,610,437,1518,'\0'),(28744,255,453,1631,'\0'),(28745,20,471,1602,'\0'),(28746,15,425,1674,'\0'),(28747,10,490,1422,'\0'),(28748,40,480,1582,'\0'),(28749,3,491,1526,'\0'),(28750,60,456,1674,'\0'),(28751,220,455,1674,'\0'),(28752,38,459,1656,'\0'),(28753,20,460,1656,'\0'),(28754,20,460,1673,'\0'),(28755,52,454,1674,'\0'),(28756,20,458,1467,'\0'),(28757,51,459,1673,'\0'),(28758,4,469,1395,'\0'),(28759,70,442,1674,'\0'),(28760,217,489,1600,'\0'),(28761,600,453,1597,'\0'),(28762,123,417,1403,'\0'),(28763,340,453,1394,'\0'),(28764,125,448,1674,'\0'),(28765,240,417,1564,'\0'),(28766,115,443,1674,'\0'),(28767,210,447,1674,'\0'),(28768,310,417,1364,'\0'),(28769,150,445,1674,'\0'),(28770,10,490,1685,'\0'),(28771,10,490,1353,'\0'),(28772,50,459,1384,'\0'),(28773,60,480,1580,'\0'),(28774,200,492,1448,'\0'),(28775,9,444,1445,'\0'),(28776,37,461,1651,'\0'),(28777,10,490,1558,'\0'),(28778,6,469,1571,'\0'),(28779,20,458,1565,'\0'),(28780,210,447,1555,'\0'),(28781,7.5,444,1479,'\0'),(28782,110,443,1555,'\0'),(28783,64,448,1555,'\0'),(28784,72,426,1410,'\0'),(28785,15,490,1459,'\0'),(28786,150,445,1555,'\0'),(28787,70,442,1555,'\0'),(28788,57,408,1360,'\0'),(28789,5,490,1388,'\0'),(28790,160,439,1495,'\0'),(28791,450,437,1456,'\0'),(28792,37,461,1650,'\0'),(28793,133,417,1668,'\0'),(28794,135,417,1658,'\0'),(28795,60,456,1555,'\0'),(28796,10,490,1550,'\0'),(28797,500,453,1415,'\0'),(28798,220,455,1555,'\0'),(28799,52,454,1555,'\0'),(28800,20,485,1369,'\0'),(28801,15,425,1555,'\0'),(28802,11,444,1540,'\0'),(28803,160,439,1583,'\0'),(28804,20,467,1360,'\0'),(28805,20,458,1448,'\0'),(28806,60,480,1688,'\0'),(28807,237,423,1466,'\0'),(28808,51,459,1500,'\0'),(28809,20,460,1500,'\0'),(28810,38,459,1360,'\0'),(28811,305,453,1551,'\0'),(28812,18,462,1360,'\0'),(28813,20,460,1360,'\0'),(28814,10,490,1658,'\0'),(28815,72,426,1411,'\0'),(28816,247,453,1475,'\0'),(28817,40,480,1465,'\0'),(28818,70,421,1655,'\0'),(28819,47,461,1578,'\0'),(28820,5,490,1430,'\0'),(28821,790,437,1447,'\0'),(28822,650,437,1354,'\0'),(28823,130,417,1376,'\0'),(28824,8,469,1500,'\0'),(28825,10,425,1655,'\0'),(28826,133,417,1423,'\0'),(28827,18,462,1417,'\0'),(28828,35,459,1417,'\0'),(28829,790,437,1614,'\0'),(28830,190,455,1655,'\0'),(28831,20,485,1658,'\0'),(28832,90,440,1598,'\0'),(28833,44,454,1655,'\0'),(28834,200,417,1556,'\0'),(28835,20,472,1521,'\0'),(28836,20,460,1403,'\0'),(28837,50,461,1490,'\0'),(28838,38,459,1403,'\0'),(28839,55,456,1655,'\0'),(28840,183,447,1665,'\0'),(28841,125,448,1665,'\0'),(28842,70,443,1665,'\0'),(28843,115,445,1655,'\0'),(28844,65,442,1655,'\0'),(28845,52,461,1487,'\0'),(28846,104,427,1488,'\0'),(28847,238,492,1564,'\0'),(28848,89,448,1655,'\0'),(28849,65,443,1655,'\0'),(28850,200,447,1655,'\0'),(28851,230,447,1544,'\0'),(28852,55,456,1665,'\0'),(28853,115,445,1544,'\0'),(28854,292,453,1405,'\0'),(28855,165,448,1544,'\0'),(28856,80,443,1544,'\0'),(28857,65,442,1665,'\0'),(28858,65,442,1544,'\0'),(28859,20,480,1530,'\0'),(28860,170,499,1363,'\0'),(28861,95,445,1665,'\0'),(28862,6,469,1647,'\0'),(28863,55,456,1544,'\0'),(28864,20,480,1482,'\0'),(28865,44,454,1544,'\0'),(28866,400,437,1554,'\0'),(28867,190,455,1544,'\0'),(28868,47,461,1594,'\0'),(28869,330,492,1666,'\0'),(28870,75.5,461,1504,'\0'),(28871,10,425,1544,'\0'),(28872,15,490,1443,'\0'),(28873,57,408,1395,'\0'),(28874,20,485,1421,'\0'),(28875,44,459,1638,'\0'),(28876,20,460,1638,'\0'),(28877,207,483,1634,'\0'),(28878,220,453,1625,'\0'),(28879,392,495,1399,'\0'),(28880,255,453,1403,'\0'),(28881,20,485,1382,'\0'),(28882,15,490,1644,'\0'),(28883,92,428,1607,'\0'),(28884,355,453,1610,'\0'),(28885,650,437,1436,'\0'),(28886,30,461,1460,'\0'),(28887,20,485,1390,'\0'),(28888,40,480,1507,'\0'),(28889,52,461,1370,'\0'),(28890,38,459,1439,'\0'),(28891,20,460,1439,'\0'),(28892,40,480,1405,'\0'),(28893,20,485,1644,'\0'),(28894,9,444,1645,'\0'),(28895,18,462,1439,'\0'),(28896,104,402,1445,'\0'),(28897,40,480,1610,'\0'),(28898,20,485,1430,'\0'),(28899,10,490,1360,'\0'),(28900,20,449,1459,'\0'),(28901,8,469,1505,'\0'),(28902,2,464,1560,'\0'),(28903,10,444,1381,'\0'),(28904,123,417,1685,'\0'),(28905,207,484,1397,'\0'),(28906,10,444,1490,'\0'),(28907,90,440,1652,'\0'),(28908,20,471,1422,'\0'),(28909,312,492,1616,'\0'),(28910,10,490,1638,'\0'),(28911,430,437,1562,'\0'),(28912,75.5,461,1438,'\0'),(28913,250,492,1355,'\0'),(28914,79,410,1397,'\0'),(28915,20,471,1531,'\0'),(28916,66,412,1660,'\0'),(28917,483,437,1507,'\0'),(28918,10,425,1474,'\0'),(28919,200,447,1469,'\0'),(28920,20,460,1511,'\0'),(28921,70,448,1469,'\0'),(28922,104,402,1416,'\0'),(28923,51,459,1511,'\0'),(28924,200,492,1379,'\0'),(28925,55,456,1474,'\0'),(28926,20,457,1411,'\0'),(28927,15,490,1517,'\0'),(28928,38,454,1474,'\0'),(28929,30,461,1381,'\0'),(28930,390,453,1624,'\0'),(28931,160,455,1474,'\0'),(28932,23,425,1414,'\0'),(28933,207,487,1523,'\0'),(28934,375,495,1465,'\0'),(28935,10,425,1469,'\0'),(28936,90,448,1474,'\0'),(28937,210,447,1441,'\0'),(28938,183,447,1474,'\0'),(28939,125,448,1441,'\0'),(28940,95,445,1474,'\0'),(28941,70,443,1474,'\0'),(28942,210,447,1459,'\0'),(28943,470,453,1632,'\0'),(28944,125,448,1459,'\0'),(28945,15,441,1441,'\0'),(28946,200,492,1463,'\0'),(28947,40,480,1631,'\0'),(28948,15,441,1459,'\0'),(28949,378,453,1588,'\0'),(28950,237,423,1646,'\0'),(28951,40,480,1508,'\0'),(28952,470,453,1641,'\0'),(28953,30,425,1441,'\0'),(28954,980,437,1532,'\0'),(28955,30,425,1459,'\0'),(28956,336,495,1559,'\0'),(28957,18,462,1590,'\0'),(28958,40,480,1575,'\0'),(28959,10,490,1687,'\0'),(28960,10,490,1439,'\0'),(28961,10,444,1573,'\0'),(28962,7.5,444,1424,'\0'),(28963,60,480,1447,'\0'),(28964,980,495,1522,'\0'),(28965,10,490,1511,'\0'),(28966,10,425,1665,'\0'),(28967,237,414,1562,'\0'),(28968,237,414,1361,'\0'),(28969,15,490,1606,'\0'),(28970,38,454,1665,'\0'),(28971,160,455,1665,'\0'),(28972,170,499,1409,'\0'),(28973,790,437,1480,'\0'),(28974,40,480,1386,'\0'),(28975,35,459,1401,'\0'),(28976,480,437,1605,'\0'),(28977,7.5,444,1578,'\0'),(28978,104,402,1570,'\0'),(28979,443,437,1663,'\0'),(28980,290,492,1502,'\0'),(28981,50,459,1687,'\0'),(28982,20,460,1687,'\0'),(28983,483,437,1389,'\0'),(28984,119,434,1541,'\0'),(28985,207,481,1445,'\0'),(28986,20,485,1362,'\0'),(28987,10,444,1487,'\0'),(28988,237,423,1603,'\0'),(28989,18,462,1517,'\0'),(28990,300,417,1464,'\0'),(28991,66,412,1571,'\0'),(28992,10,444,1461,'\0'),(28993,40,480,1657,'\0'),(28994,290,447,1454,'\0'),(28995,20,461,1424,'\0'),(28996,119,432,1540,'\0'),(28997,20,444,1359,'\0'),(28998,355,453,1373,'\0'),(28999,535,437,1508,'\0'),(29000,260,453,1643,'\0'),(29001,10,490,1659,'\0'),(29002,20,480,1367,'\0'),(29003,40,480,1436,'\0'),(29004,40,480,1442,'\0'),(29005,10,425,1454,'\0'),(29006,237,423,1589,'\0'),(29007,20,485,1656,'\0'),(29008,20,467,1531,'\0'),(29009,240,417,1684,'\0'),(29010,130,417,1505,'\0'),(29011,51,459,1418,'\0'),(29012,373,437,1634,'\0'),(29013,20,460,1418,'\0'),(29014,20,485,1543,'\0'),(29015,133,417,1647,'\0'),(29016,52,461,1586,'\0'),(29017,63,426,1564,'\0'),(29018,312,492,1364,'\0'),(29019,6,469,1376,'\0'),(29020,10,490,1503,'\0'),(29021,134,417,1511,'\0'),(29022,90,443,1356,'\0'),(29023,90,440,1358,'\0'),(29024,20,485,1552,'\0'),(29025,10,417,1433,'\0'),(29026,207,419,1532,'\0'),(29027,150,445,1356,'\0'),(29028,210,447,1356,'\0'),(29029,65,448,1356,'\0'),(29030,7.5,444,1609,'\0'),(29031,49,470,1506,'\0'),(29032,37,461,1535,'\0'),(29033,6,469,1423,'\0'),(29034,207,483,1570,'\0'),(29035,6,469,1628,'\0'),(29036,210,447,1617,'\0'),(29037,7,469,1385,'\0'),(29038,9,444,1649,'\0'),(29039,23,425,1557,'\0'),(29040,125,448,1617,'\0'),(29041,123,417,1360,'\0'),(29042,40,480,1542,'\0'),(29043,15,441,1617,'\0'),(29044,170,452,1359,'\0'),(29045,44,459,1423,'\0'),(29046,18,462,1556,'\0'),(29047,20,460,1423,'\0'),(29048,92,431,1499,'\0'),(29049,20,472,1683,'\0'),(29050,20,461,1416,'\0'),(29051,72,426,1374,'\0'),(29052,70,442,1356,'\0'),(29053,30,425,1617,'\0'),(29054,50,454,1356,'\0'),(29055,200,455,1356,'\0'),(29056,18,462,1423,'\0'),(29057,60,456,1356,'\0'),(29058,15,441,1557,'\0'),(29059,170,447,1557,'\0'),(29060,125,448,1557,'\0'),(29061,15,425,1356,'\0'),(29062,8,444,1378,'\0'),(29063,10,444,1612,'\0'),(29064,20,449,1628,'\0'),(29065,20,485,1639,'\0'),(29066,210,447,1635,'\0'),(29067,217,436,1510,'\0'),(29068,125,448,1635,'\0'),(29069,60,492,1388,'\0'),(29070,40,480,1667,'\0'),(29071,15,441,1635,'\0'),(29072,15,490,1568,'\0'),(29073,320,453,1478,'\0'),(29074,85,405,1385,'\0'),(29075,7.5,444,1661,'\0'),(29076,30,425,1635,'\0'),(29077,170,499,1353,'\0'),(29078,170,437,1527,'\0'),(29079,15,425,1383,'\0'),(29080,38,454,1512,'\0'),(29081,150,455,1512,'\0'),(29082,40,456,1512,'\0'),(29083,30,425,1485,'\0'),(29084,150,437,1431,'\0'),(29085,237,423,1586,'\0'),(29086,68,461,1358,'\0'),(29087,20,485,1501,'\0'),(29088,60,456,1383,'\0'),(29089,52,454,1383,'\0'),(29090,12,461,1445,'\0'),(29091,443,437,1542,'\0'),(29092,220,455,1383,'\0'),(29093,18,462,1676,'\0'),(29094,10,425,1512,'\0'),(29095,10,490,1684,'\0'),(29096,20,485,1363,'\0'),(29097,210,447,1485,'\0'),(29098,20,460,1675,'\0'),(29099,45,442,1512,'\0'),(29100,20,465,1509,'\0'),(29101,51,459,1675,'\0'),(29102,95,445,1512,'\0'),(29103,125,448,1485,'\0'),(29104,123,417,1407,'\0'),(29105,10,490,1561,'\0'),(29106,183,447,1512,'\0'),(29107,135,417,1425,'\0'),(29108,55,443,1512,'\0'),(29109,65,448,1512,'\0'),(29110,15,490,1681,'\0'),(29111,160,439,1617,'\0'),(29112,180,455,1426,'\0'),(29113,104,402,1542,'\0'),(29114,45,442,1396,'\0'),(29115,38,454,1426,'\0'),(29116,10,425,1440,'\0'),(29117,70,448,1396,'\0'),(29118,55,443,1396,'\0'),(29119,6,444,1553,'\0'),(29120,95,445,1396,'\0'),(29121,55,456,1426,'\0'),(29122,130,417,1439,'\0'),(29123,40,456,1396,'\0'),(29124,70,461,1618,'\0'),(29125,15,490,1664,'\0'),(29126,310,417,1591,'\0'),(29127,10,425,1426,'\0'),(29128,338,417,1538,'\0'),(29129,183,447,1396,'\0'),(29130,7.5,444,1545,'\0'),(29131,3,491,1537,'\0'),(29132,180,447,1440,'\0'),(29133,20,460,1550,'\0'),(29134,50,459,1550,'\0'),(29135,518,495,1589,'\0'),(29136,119,432,1600,'\0'),(29137,20,485,1471,'\0'),(29138,150,455,1396,'\0'),(29139,10,490,1363,'\0'),(29140,115,445,1426,'\0'),(29141,47,461,1428,'\0'),(29142,10,444,1370,'\0'),(29143,70,443,1426,'\0'),(29144,90,448,1426,'\0'),(29145,38,454,1396,'\0'),(29146,200,447,1426,'\0'),(29147,13,425,1396,'\0'),(29148,40,480,1624,'\0'),(29149,740,437,1466,'\0'),(29150,47,461,1488,'\0'),(29151,66,412,1521,'\0'),(29152,15,459,1502,'\0'),(29153,38,459,1560,'\0'),(29154,20,460,1560,'\0'),(29155,18,462,1685,'\0'),(29156,44,454,1622,'\0'),(29157,190,455,1622,'\0'),(29158,55,456,1622,'\0'),(29159,79,410,1634,'\0'),(29160,38,459,1685,'\0'),(29161,20,460,1685,'\0'),(29162,312,492,1533,'\0'),(29163,133,417,1638,'\0'),(29164,10,425,1622,'\0'),(29165,7,469,1437,'\0'),(29166,20,479,1359,'\0'),(29167,115,445,1622,'\0'),(29168,200,447,1622,'\0'),(29169,35,459,1538,'\0'),(29170,125,448,1622,'\0'),(29171,66,412,1531,'\0'),(29172,75,443,1622,'\0'),(29173,20,480,1634,'\0'),(29174,50,461,1468,'\0'),(29175,65,442,1622,'\0'),(29176,20,485,1568,'\0'),(29177,265,453,1657,'\0'),(29178,65,442,1683,'\0'),(29179,15,441,1683,'\0'),(29180,220,453,1367,'\0'),(29181,115,445,1683,'\0'),(29182,60,443,1683,'\0'),(29183,89,448,1683,'\0'),(29184,200,447,1683,'\0'),(29185,312,492,1449,'\0'),(29186,52,461,1630,'\0'),(29187,330,492,1597,'\0'),(29188,37,461,1540,'\0'),(29189,10,490,1417,'\0'),(29190,20,467,1521,'\0'),(29191,210,447,1383,'\0'),(29192,217,486,1599,'\0'),(29193,220,453,1377,'\0'),(29194,150,445,1383,'\0'),(29195,90,448,1383,'\0'),(29196,110,443,1383,'\0'),(29197,10,490,1656,'\0'),(29198,310,417,1676,'\0'),(29199,139,417,1675,'\0'),(29200,11,444,1651,'\0'),(29201,47,461,1479,'\0'),(29202,119,432,1438,'\0'),(29203,237,423,1583,'\0'),(29204,20,460,1561,'\0'),(29205,38,459,1561,'\0'),(29206,20,467,1371,'\0'),(29207,18,462,1561,'\0'),(29208,217,489,1649,'\0'),(29209,47,461,1545,'\0'),(29210,900,437,1601,'\0'),(29211,443,437,1626,'\0'),(29212,10,490,1539,'\0'),(29213,6,469,1676,'\0'),(29214,70,421,1683,'\0'),(29215,15,425,1372,'\0'),(29216,10,425,1683,'\0'),(29217,20,472,1647,'\0'),(29218,6,469,1521,'\0'),(29219,50,461,1585,'\0'),(29220,51,459,1499,'\0'),(29221,20,460,1499,'\0'),(29222,38,454,1683,'\0'),(29223,180,455,1683,'\0'),(29224,55,456,1683,'\0'),(29225,7,469,1687,'\0'),(29226,20,485,1683,'\0'),(29227,15,490,1464,'\0'),(29228,7.5,444,1442,'\0'),(29229,70,448,1372,'\0'),(29230,150,447,1372,'\0'),(29231,433,453,1580,'\0'),(29232,20,475,1557,'\0'),(29233,20,467,1685,'\0'),(29234,8,469,1675,'\0'),(29235,52,461,1646,'\0'),(29236,6,469,1659,'\0'),(29237,119,434,1362,'\0'),(29238,40,480,1366,'\0'),(29239,38,459,1519,'\0'),(29240,170,452,1575,'\0'),(29241,119,434,1369,'\0'),(29242,40,480,1651,'\0'),(29243,50,461,1361,'\0'),(29244,20,460,1519,'\0'),(29245,10,490,1615,'\0'),(29246,237,423,1370,'\0'),(29247,238,492,1608,'\0'),(29248,72,426,1503,'\0'),(29249,10,444,1601,'\0'),(29250,10,490,1654,'\0'),(29251,20,460,1425,'\0'),(29252,50,459,1425,'\0'),(29253,18,462,1425,'\0'),(29254,22,461,1626,'\0'),(29255,15,490,1666,'\0'),(29256,169,417,1514,'\0'),(29257,530,437,1585,'\0'),(29258,20,485,1485,'\0'),(29259,483,437,1620,'\0'),(29260,160,439,1679,'\0'),(29261,92,431,1505,'\0'),(29262,433,453,1604,'\0'),(29263,330,492,1681,'\0'),(29264,500,437,1452,'\0'),(29265,315,453,1593,'\0'),(29266,150,445,1506,'\0'),(29267,115,443,1506,'\0'),(29268,200,417,1613,'\0'),(29269,165,448,1506,'\0'),(29270,40,480,1380,'\0'),(29271,240,447,1506,'\0'),(29272,70,442,1506,'\0'),(29273,217,436,1465,'\0'),(29274,20,485,1506,'\0'),(29275,92,428,1418,'\0'),(29276,92,428,1394,'\0'),(29277,365,453,1352,'\0'),(29278,7,469,1511,'\0'),(29279,15,425,1506,'\0'),(29280,119,434,1674,'\0'),(29281,20,460,1505,'\0'),(29282,51,459,1505,'\0'),(29283,52,454,1506,'\0'),(29284,220,455,1506,'\0'),(29285,60,456,1506,'\0'),(29286,255,453,1653,'\0'),(29287,4,469,1637,'\0'),(29288,310,417,1628,'\0'),(29289,125,448,1451,'\0'),(29290,30,461,1452,'\0'),(29291,210,447,1451,'\0'),(29292,292,453,1387,'\0'),(29293,4,469,1417,'\0'),(29294,8,469,1371,'\0'),(29295,15,441,1451,'\0'),(29296,10,425,1574,'\0'),(29297,37,461,1570,'\0'),(29298,10,425,1446,'\0'),(29299,160,455,1574,'\0'),(29300,38,454,1574,'\0'),(29301,300,417,1443,'\0'),(29302,70,448,1446,'\0'),(29303,980,437,1522,'\0'),(29304,22,461,1397,'\0'),(29305,40,480,1573,'\0'),(29306,430,437,1361,'\0'),(29307,6,469,1638,'\0'),(29308,30,425,1451,'\0'),(29309,52,461,1583,'\0'),(29310,10,490,1379,'\0'),(29311,237,423,1614,'\0'),(29312,130,447,1446,'\0'),(29313,35,454,1429,'\0'),(29314,130,455,1429,'\0'),(29315,55,456,1429,'\0'),(29316,20,425,1429,'\0'),(29317,61,413,1561,'\0'),(29318,265,453,1486,'\0'),(29319,740,437,1630,'\0'),(29320,130,443,1429,'\0'),(29321,70,448,1429,'\0'),(29322,20,485,1558,'\0'),(29323,38,459,1407,'\0'),(29324,60,442,1429,'\0'),(29325,20,460,1407,'\0'),(29326,40,480,1621,'\0'),(29327,60,480,1516,'\0'),(29328,415,453,1582,'\0'),(29329,4,469,1685,'\0'),(29330,6,469,1531,'\0'),(29331,20,457,1410,'\0'),(29332,20,485,1429,'\0'),(29333,60,430,1429,'\0'),(29334,146,417,1417,'\0'),(29335,450,437,1488,'\0'),(29336,10,444,1585,'\0'),(29337,295,453,1410,'\0'),(29338,104,427,1544,'\0'),(29339,68,461,1431,'\0'),(29340,237,414,1559,'\0'),(29341,550,437,1670,'\0'),(29342,49,467,1401,'\0'),(29343,20,485,1495,'\0'),(29344,443,437,1445,'\0'),(29345,10,490,1499,'\0'),(29346,20,458,1420,'\0'),(29347,740,437,1646,'\0'),(29348,207,487,1507,'\0'),(29349,40,480,1535,'\0'),(29350,15,425,1558,'\0'),(29351,20,471,1615,'\0'),(29352,50,454,1558,'\0'),(29353,443,437,1545,'\0'),(29354,200,455,1558,'\0'),(29355,20,485,1574,'\0'),(29356,60,456,1558,'\0'),(29357,64,448,1558,'\0'),(29358,100,443,1558,'\0'),(29359,150,445,1558,'\0'),(29360,305,453,1563,'\0'),(29361,70,442,1558,'\0'),(29362,72,426,1412,'\0'),(29363,210,447,1558,'\0'),(29364,240,417,1608,'\0'),(29365,217,482,1504,'\0'),(29366,40,480,1627,'\0'),(29367,18,462,1533,'\0'),(29368,55,456,1574,'\0'),(29369,38,459,1629,'\0'),(29370,20,460,1629,'\0'),(29371,450,437,1640,'\0'),(29372,378,453,1569,'\0'),(29373,177,417,1503,'\0'),(29374,20,485,1446,'\0'),(29375,553,495,1614,'\0'),(29376,65,442,1574,'\0'),(29377,95,445,1574,'\0'),(29378,301,495,1361,'\0'),(29379,301,495,1562,'\0'),(29380,60,443,1574,'\0'),(29381,65,448,1574,'\0'),(29382,450,437,1549,'\0'),(29383,40,480,1565,'\0'),(29384,183,447,1574,'\0'),(29385,104,427,1672,'\0'),(29386,15,490,1591,'\0'),(29387,480,437,1559,'\0'),(29388,8,444,1431,'\0'),(29389,20,485,1357,'\0'),(29390,553,495,1487,'\0'),(29391,8,444,1634,'\0'),(29392,70,448,1353,'\0'),(29393,20,449,1644,'\0'),(29394,47,461,1670,'\0'),(29395,60,417,1572,'\0'),(29396,310,417,1517,'\0'),(29397,210,447,1495,'\0'),(29398,119,432,1555,'\0'),(29399,4,469,1374,'\0'),(29400,518,495,1646,'\0'),(29401,200,447,1353,'\0'),(29402,30,425,1566,'\0'),(29403,310,417,1533,'\0'),(29404,250,447,1566,'\0'),(29405,70,448,1566,'\0'),(29406,295,453,1677,'\0'),(29407,371,495,1585,'\0'),(29408,200,447,1602,'\0'),(29409,40,480,1434,'\0'),(29410,75,443,1602,'\0'),(29411,125,448,1602,'\0'),(29412,30,425,1577,'\0'),(29413,115,445,1602,'\0'),(29414,15,441,1602,'\0'),(29415,6,469,1413,'\0'),(29416,10,425,1353,'\0'),(29417,1100,437,1359,'\0'),(29418,11,444,1535,'\0'),(29419,20,485,1409,'\0'),(29420,76,406,1546,'\0'),(29421,85,405,1425,'\0'),(29422,50,461,1559,'\0'),(29423,90,448,1409,'\0'),(29424,20,485,1577,'\0'),(29425,120,438,1518,'\0'),(29426,70,443,1409,'\0'),(29427,10,490,1629,'\0'),(29428,115,445,1409,'\0'),(29429,200,447,1409,'\0'),(29430,312,492,1676,'\0'),(29431,180,455,1409,'\0'),(29432,130,417,1521,'\0'),(29433,38,454,1409,'\0'),(29434,40,480,1498,'\0'),(29435,55,456,1409,'\0'),(29436,20,485,1566,'\0'),(29437,4,469,1407,'\0'),(29438,120,438,1584,'\0'),(29439,10,425,1409,'\0'),(29440,10,444,1586,'\0'),(29441,125,448,1495,'\0'),(29442,553,495,1447,'\0'),(29443,30,425,1495,'\0'),(29444,5,480,1398,'\0'),(29445,50,461,1562,'\0'),(29446,40,480,1599,'\0'),(29447,45,442,1357,'\0'),(29448,20,485,1353,'\0'),(29449,200,492,1613,'\0'),(29450,65,443,1357,'\0'),(29451,165,448,1357,'\0'),(29452,20,479,1575,'\0'),(29453,200,447,1357,'\0'),(29454,95,445,1357,'\0'),(29455,20,485,1450,'\0'),(29456,15,490,1533,'\0'),(29457,416,437,1661,'\0'),(29458,300,417,1681,'\0'),(29459,7,469,1425,'\0'),(29460,300,453,1596,'\0'),(29461,125,448,1414,'\0'),(29462,150,455,1435,'\0'),(29463,10,490,1560,'\0'),(29464,170,446,1452,'\0'),(29465,20,485,1422,'\0'),(29466,15,441,1414,'\0'),(29467,66,412,1439,'\0'),(29468,85,405,1550,'\0'),(29469,483,437,1649,'\0'),(29470,40,456,1435,'\0'),(29471,165,447,1429,'\0'),(29472,38,454,1435,'\0'),(29473,170,447,1414,'\0'),(29474,130,417,1629,'\0'),(29475,400,453,1595,'\0'),(29476,20,485,1451,'\0'),(29477,10,498,1565,'\0'),(29478,79,409,1378,'\0'),(29479,217,482,1542,'\0'),(29480,4,469,1608,'\0'),(29481,20,485,1477,'\0'),(29482,20,467,1425,'\0'),(29483,20,471,1539,'\0'),(29484,10,444,1366,'\0'),(29485,10,425,1435,'\0'),(29486,55,456,1602,'\0'),(29487,44,454,1602,'\0'),(29488,190,455,1602,'\0'),(29489,10,425,1422,'\0'),(29490,65,442,1602,'\0'),(29491,8,444,1482,'\0'),(29492,535,437,1510,'\0'),(29493,20,485,1602,'\0'),(29494,6,469,1439,'\0'),(29495,115,438,1548,'\0'),(29496,45,442,1435,'\0'),(29497,15,441,1435,'\0'),(29498,160,439,1686,'\0'),(29499,183,447,1435,'\0'),(29500,20,467,1439,'\0'),(29501,35,459,1503,'\0'),(29502,160,439,1611,'\0'),(29503,95,445,1435,'\0'),(29504,125,448,1435,'\0'),(29505,10,425,1602,'\0'),(29506,65,443,1435,'\0'),(29507,15,441,1422,'\0'),(29508,65,442,1422,'\0'),(29509,10,417,1400,'\0'),(29510,75,443,1422,'\0'),(29511,115,445,1422,'\0'),(29512,200,447,1422,'\0'),(29513,125,448,1422,'\0'),(29514,373,437,1397,'\0'),(29515,139,417,1499,'\0'),(29516,35,459,1374,'\0'),(29517,12,461,1378,'\0'),(29518,10,425,1357,'\0'),(29519,44,454,1422,'\0'),(29520,190,455,1422,'\0'),(29521,135,417,1687,'\0'),(29522,40,456,1357,'\0'),(29523,55,456,1422,'\0'),(29524,150,455,1357,'\0'),(29525,38,454,1357,'\0'),(29526,55,456,1450,'\0'),(29527,20,467,1676,'\0'),(29528,30,425,1587,'\0'),(29529,44,454,1450,'\0'),(29530,237,423,1487,'\0'),(29531,190,455,1450,'\0'),(29532,70,448,1450,'\0'),(29533,49,467,1550,'\0'),(29534,200,447,1450,'\0'),(29535,60,480,1603,'\0'),(29536,125,448,1587,'\0'),(29537,210,447,1587,'\0'),(29538,238,492,1684,'\0'),(29539,170,499,1469,'\0'),(29540,65,442,1450,'\0'),(29541,115,445,1450,'\0'),(29542,120,438,1457,'\0'),(29543,70,443,1450,'\0'),(29544,470,453,1462,'\0'),(29545,20,485,1484,'\0'),(29546,10,425,1477,'\0'),(29547,49,467,1546,'\0'),(29548,5,490,1579,'\0'),(29549,44,459,1659,'\0'),(29550,20,485,1491,'\0'),(29551,20,460,1659,'\0'),(29552,7.5,444,1416,'\0'),(29553,378,453,1483,'\0'),(29554,11,444,1507,'\0'),(29555,20,485,1435,'\0'),(29556,13,425,1450,'\0'),(29557,210,447,1392,'\0'),(29558,10,490,1556,'\0'),(29559,230,447,1477,'\0'),(29560,70,448,1392,'\0'),(29561,105,495,1431,'\0'),(29562,165,448,1477,'\0'),(29563,110,443,1392,'\0'),(29564,70,443,1477,'\0'),(29565,150,445,1392,'\0'),(29566,115,445,1477,'\0'),(29567,65,442,1477,'\0'),(29568,312,492,1664,'\0'),(29569,330,453,1619,'\0'),(29570,55,456,1477,'\0'),(29571,38,454,1477,'\0'),(29572,180,455,1477,'\0'),(29573,4,469,1684,'\0'),(29574,20,485,1392,'\0'),(29575,170,446,1381,'\0'),(29576,237,414,1585,'\0'),(29577,18,425,1392,'\0'),(29578,60,456,1392,'\0'),(29579,52,454,1392,'\0'),(29580,220,455,1392,'\0'),(29581,4,469,1561,'\0'),(29582,70,442,1392,'\0'),(29583,20,460,1521,'\0'),(29584,38,459,1521,'\0'),(29585,89,404,1661,'\0'),(29586,18,462,1521,'\0'),(29587,104,402,1663,'\0'),(29588,200,447,1484,'\0'),(29589,7.5,444,1428,'\0'),(29590,18,462,1463,'\0'),(29591,443,437,1570,'\0'),(29592,75,443,1484,'\0'),(29593,120,448,1484,'\0'),(29594,115,445,1484,'\0'),(29595,2,464,1519,'\0'),(29596,40,480,1537,'\0'),(29597,740,437,1583,'\0'),(29598,10,490,1647,'\0'),(29599,15,425,1491,'\0'),(29600,740,437,1589,'\0'),(29601,10,425,1484,'\0'),(29602,130,417,1531,'\0'),(29603,237,423,1447,'\0'),(29604,20,480,1553,'\0'),(29605,61,413,1637,'\0'),(29606,55,456,1484,'\0'),(29607,20,485,1587,'\0'),(29608,190,455,1484,'\0'),(29609,9,444,1504,'\0'),(29610,47,461,1549,'\0'),(29611,44,454,1484,'\0'),(29612,10,490,1481,'\0'),(29613,47,461,1663,'\0'),(29614,217,401,1431,'\0'),(29615,70,448,1577,'\0'),(29616,250,447,1577,'\0'),(29617,40,480,1523,'\0'),(29618,20,485,1372,'\0'),(29619,20,449,1441,'\0'),(29620,375,495,1508,'\0'),(29621,15,490,1628,'\0'),(29622,76,406,1638,'\0'),(29623,170,499,1474,'\0'),(29624,92,431,1371,'\0'),(29625,220,455,1491,'\0'),(29626,52,454,1491,'\0'),(29627,217,436,1508,'\0'),(29628,60,456,1491,'\0'),(29629,104,427,1456,'\0'),(29630,133,417,1659,'\0'),(29631,150,445,1491,'\0'),(29632,10,490,1519,'\0'),(29633,30,461,1359,'\0'),(29634,110,443,1491,'\0'),(29635,120,448,1491,'\0'),(29636,210,447,1491,'\0'),(29637,133,417,1456,'\0'),(29638,10,425,1478,'\0'),(29639,40,480,1438,'\0'),(29640,40,480,1444,'\0'),(29641,4,469,1634,'\0'),(29642,55,456,1439,'\0'),(29643,7,469,1394,'\0'),(29644,170,452,1565,'\0'),(29645,70,461,1624,'\0'),(29646,15,441,1439,'\0'),(29647,207,483,1574,'\0'),(29648,65,442,1439,'\0'),(29649,125,448,1439,'\0'),(29650,70,443,1439,'\0'),(29651,40,480,1521,'\0'),(29652,115,445,1439,'\0'),(29653,20,460,1544,'\0'),(29654,200,447,1439,'\0'),(29655,44,459,1544,'\0'),(29656,10,490,1460,'\0'),(29657,130,417,1660,'\0'),(29658,20,460,1504,'\0'),(29659,15,441,1614,'\0'),(29660,51,459,1504,'\0'),(29661,20,449,1676,'\0'),(29662,8,444,1554,'\0'),(29663,20,449,1517,'\0'),(29664,10,490,1468,'\0'),(29665,8,444,1430,'\0'),(29666,30,461,1417,'\0'),(29667,590,453,1525,'\0'),(29668,150,492,1391,'\0'),(29669,10,425,1439,'\0'),(29670,180,455,1439,'\0'),(29671,30,425,1614,'\0'),(29672,40,480,1469,'\0'),(29673,10,425,1354,'\0'),(29674,125,448,1473,'\0'),(29675,38,454,1439,'\0'),(29676,210,447,1473,'\0'),(29677,183,447,1631,'\0'),(29678,70,443,1631,'\0'),(29679,125,448,1631,'\0'),(29680,92,431,1675,'\0'),(29681,247,453,1396,'\0'),(29682,55,456,1631,'\0'),(29683,70,448,1354,'\0'),(29684,30,425,1473,'\0'),(29685,200,447,1354,'\0'),(29686,95,445,1631,'\0'),(29687,292,453,1392,'\0'),(29688,210,447,1614,'\0'),(29689,37,461,1638,'\0'),(29690,480,437,1581,'\0'),(29691,125,448,1614,'\0'),(29692,65,442,1631,'\0'),(29693,10,425,1631,'\0'),(29694,38,459,1512,'\0'),(29695,123,417,1637,'\0'),(29696,483,495,1364,'\0'),(29697,160,455,1631,'\0'),(29698,38,454,1631,'\0'),(29699,30,425,1447,'\0'),(29700,740,437,1455,'\0'),(29701,207,411,1618,'\0'),(29702,90,440,1367,'\0'),(29703,4,469,1397,'\0'),(29704,187,417,1546,'\0'),(29705,79,410,1633,'\0'),(29706,10,490,1448,'\0'),(29707,443,437,1645,'\0'),(29708,74,426,1399,'\0'),(29709,20,460,1512,'\0'),(29710,238,492,1585,'\0'),(29711,355,453,1612,'\0'),(29712,20,467,1390,'\0'),(29713,10,490,1457,'\0'),(29714,10,490,1622,'\0'),(29715,483,437,1385,'\0'),(29716,105,495,1358,'\0'),(29717,217,489,1621,'\0'),(29718,530,437,1490,'\0'),(29719,10,490,1665,'\0'),(29720,300,417,1601,'\0'),(29721,104,402,1545,'\0'),(29722,217,489,1661,'\0'),(29723,553,495,1617,'\0'),(29724,20,458,1469,'\0'),(29725,89,404,1486,'\0'),(29726,20,485,1655,'\0'),(29727,199,417,1506,'\0'),(29728,257,453,1453,'\0'),(29729,20,480,1512,'\0'),(29730,170,499,1407,'\0'),(29731,10,490,1494,'\0'),(29732,10,490,1428,'\0'),(29733,210,447,1447,'\0'),(29734,740,437,1628,'\0'),(29735,125,448,1447,'\0'),(29736,20,485,1415,'\0'),(29737,10,490,1571,'\0'),(29738,79,409,1442,'\0'),(29739,23,425,1590,'\0'),(29740,20,485,1597,'\0'),(29741,176,417,1395,'\0'),(29742,553,495,1648,'\0'),(29743,23,425,1373,'\0'),(29744,217,488,1410,'\0'),(29745,30,425,1589,'\0'),(29746,40,480,1454,'\0'),(29747,125,448,1589,'\0'),(29748,210,447,1599,'\0'),(29749,2,469,1388,'\0'),(29750,150,445,1599,'\0'),(29751,125,448,1599,'\0'),(29752,110,443,1599,'\0'),(29753,238,492,1471,'\0'),(29754,70,442,1599,'\0'),(29755,15,441,1599,'\0'),(29756,125,448,1584,'\0'),(29757,170,447,1584,'\0'),(29758,15,441,1590,'\0'),(29759,310,417,1611,'\0'),(29760,125,448,1590,'\0'),(29761,170,447,1590,'\0'),(29762,15,441,1584,'\0'),(29763,125,448,1466,'\0'),(29764,20,485,1623,'\0'),(29765,210,447,1466,'\0'),(29766,10,490,1414,'\0'),(29767,217,486,1425,'\0'),(29768,483,495,1370,'\0'),(29769,583,437,1594,'\0'),(29770,15,441,1466,'\0'),(29771,2,464,1555,'\0'),(29772,20,485,1596,'\0'),(29773,170,446,1612,'\0'),(29774,10,444,1684,'\0'),(29775,20,479,1565,'\0'),(29776,207,487,1563,'\0'),(29777,416,437,1531,'\0'),(29778,30,425,1466,'\0'),(29779,119,432,1670,'\0'),(29780,11,444,1405,'\0'),(29781,20,460,1438,'\0'),(29782,51,459,1438,'\0'),(29783,20,451,1522,'\0'),(29784,50,461,1684,'\0'),(29785,40,480,1597,'\0'),(29786,60,456,1599,'\0'),(29787,145,463,1548,'\0'),(29788,52,454,1599,'\0'),(29789,125,448,1373,'\0'),(29790,170,499,1383,'\0'),(29791,170,447,1373,'\0'),(29792,220,455,1599,'\0'),(29793,280,453,1384,'\0'),(29794,12,461,1405,'\0'),(29795,85,405,1687,'\0'),(29796,690,437,1370,'\0'),(29797,500,437,1613,'\0'),(29798,237,414,1557,'\0'),(29799,15,425,1599,'\0'),(29800,240,453,1652,'\0'),(29801,217,489,1633,'\0'),(29802,9,444,1382,'\0'),(29803,410,453,1688,'\0'),(29804,6,469,1672,'\0'),(29805,68,461,1430,'\0'),(29806,8,469,1420,'\0'),(29807,18,462,1444,'\0'),(29808,220,417,1467,'\0'),(29809,70,461,1401,'\0'),(29810,20,485,1437,'\0'),(29811,20,457,1465,'\0'),(29812,20,472,1507,'\0'),(29813,15,459,1415,'\0'),(29814,60,480,1586,'\0'),(29815,550,437,1540,'\0'),(29816,20,467,1431,'\0'),(29817,3,491,1510,'\0'),(29818,20,467,1599,'\0'),(29819,20,467,1466,'\0'),(29820,30,461,1565,'\0'),(29821,12,461,1382,'\0'),(29822,6,469,1549,'\0'),(29823,104,402,1602,'\0'),(29824,75.5,461,1357,'\0'),(29825,10,490,1426,'\0'),(29826,60,480,1415,'\0'),(29827,38,459,1623,'\0'),(29828,20,460,1623,'\0'),(29829,210,447,1603,'\0'),(29830,450,437,1609,'\0'),(29831,52,461,1591,'\0'),(29832,4,469,1564,'\0'),(29833,125,448,1603,'\0'),(29834,20,472,1362,'\0'),(29835,20,485,1557,'\0'),(29836,4,469,1605,'\0'),(29837,40,480,1445,'\0'),(29838,790,437,1617,'\0'),(29839,160,439,1517,'\0'),(29840,160,439,1630,'\0'),(29841,170,447,1483,'\0'),(29842,85,405,1658,'\0'),(29843,125,448,1483,'\0'),(29844,47,461,1602,'\0'),(29845,50,459,1558,'\0'),(29846,7,469,1550,'\0'),(29847,49,470,1550,'\0'),(29848,20,460,1558,'\0'),(29849,30,425,1603,'\0'),(29850,76,407,1626,'\0'),(29851,37,461,1640,'\0'),(29852,410,453,1583,'\0'),(29853,18,462,1371,'\0'),(29854,336,495,1581,'\0'),(29855,20,460,1371,'\0'),(29856,82,417,1579,'\0'),(29857,51,459,1371,'\0'),(29858,123,417,1474,'\0'),(29859,310,417,1587,'\0'),(29860,23,425,1483,'\0'),(29861,104,427,1647,'\0'),(29862,7,469,1362,'\0'),(29863,20,485,1469,'\0'),(29864,40,480,1437,'\0'),(29865,104,402,1424,'\0'),(29866,20,485,1661,'\0'),(29867,61,448,1399,'\0'),(29868,30,425,1686,'\0'),(29869,207,484,1623,'\0'),(29870,217,486,1442,'\0'),(29871,10,490,1650,'\0'),(29872,20,485,1438,'\0'),(29873,160,417,1402,'\0'),(29874,52,461,1679,'\0'),(29875,20,460,1596,'\0'),(29876,10,490,1395,'\0'),(29877,18,462,1437,'\0'),(29878,51,459,1596,'\0'),(29879,20,460,1437,'\0'),(29880,52,461,1632,'\0'),(29881,51,459,1437,'\0'),(29882,20,485,1444,'\0'),(29883,40,480,1416,'\0'),(29884,23,425,1559,'\0'),(29885,20,485,1454,'\0'),(29886,386,437,1378,'\0'),(29887,49,470,1542,'\0'),(29888,550,437,1353,'\0'),(29889,150,437,1358,'\0'),(29890,50,415,1390,'\0'),(29891,85,405,1642,'\0'),(29892,378,453,1381,'\0'),(29893,20,485,1424,'\0'),(29894,15,441,1559,'\0'),(29895,295,453,1374,'\0'),(29896,125,448,1559,'\0'),(29897,170,447,1559,'\0'),(29898,550,437,1383,'\0'),(29899,371,495,1490,'\0'),(29900,10,444,1641,'\0'),(29901,237,423,1641,'\0'),(29902,160,439,1451,'\0'),(29903,373,437,1481,'\0'),(29904,23,425,1584,'\0'),(29905,50,461,1610,'\0'),(29906,690,437,1459,'\0'),(29907,110,429,1620,'\0'),(29908,790,437,1648,'\0'),(29909,6,469,1542,'\0'),(29910,20,472,1498,'\0'),(29911,690,437,1364,'\0'),(29912,20,485,1497,'\0'),(29913,44,459,1416,'\0'),(29914,20,485,1563,'\0'),(29915,40,480,1379,'\0'),(29916,20,460,1416,'\0'),(29917,2,464,1578,'\0'),(29918,150,437,1524,'\0'),(29919,70,442,1687,'\0'),(29920,160,417,1518,'\0'),(29921,10,490,1474,'\0'),(29922,150,445,1687,'\0'),(29923,60,456,1687,'\0'),(29924,61,413,1631,'\0'),(29925,40,480,1387,'\0'),(29926,10,490,1440,'\0'),(29927,50,454,1687,'\0'),(29928,8,469,1498,'\0'),(29929,200,455,1687,'\0'),(29930,340,453,1369,'\0'),(29931,15,425,1687,'\0'),(29932,18,462,1618,'\0'),(29933,125,448,1644,'\0'),(29934,210,447,1644,'\0'),(29935,119,432,1406,'\0'),(29936,15,441,1644,'\0'),(29937,40,480,1504,'\0'),(29938,210,447,1687,'\0'),(29939,100,443,1687,'\0'),(29940,125,448,1687,'\0'),(29941,135,417,1669,'\0'),(29942,85,405,1651,'\0'),(29943,55,456,1677,'\0'),(29944,61,413,1677,'\0'),(29945,205,453,1470,'\0'),(29946,5,490,1553,'\0'),(29947,38,454,1677,'\0'),(29948,160,455,1677,'\0'),(29949,30,425,1644,'\0'),(29950,47,461,1442,'\0'),(29951,10,425,1677,'\0'),(29952,8,444,1523,'\0'),(29953,119,434,1386,'\0'),(29954,12,461,1389,'\0'),(29955,237,423,1591,'\0'),(29956,70,421,1677,'\0'),(29957,217,418,1404,'\0'),(29958,40,480,1371,'\0'),(29959,44,459,1445,'\0'),(29960,217,486,1602,'\0'),(29961,310,417,1679,'\0'),(29962,89,448,1677,'\0'),(29963,183,447,1677,'\0'),(29964,20,480,1408,'\0'),(29965,40,480,1541,'\0'),(29966,6,444,1393,'\0'),(29967,360,453,1411,'\0'),(29968,40,480,1558,'\0'),(29969,65,442,1677,'\0'),(29970,315,453,1539,'\0'),(29971,10,444,1580,'\0'),(29972,15,441,1677,'\0'),(29973,15,425,1390,'\0'),(29974,95,445,1677,'\0'),(29975,20,467,1658,'\0'),(29976,10,490,1660,'\0'),(29977,60,443,1677,'\0'),(29978,70,421,1390,'\0'),(29979,40,480,1410,'\0'),(29980,10,490,1649,'\0'),(29981,20,458,1437,'\0'),(29982,130,417,1409,'\0'),(29983,270,453,1413,'\0'),(29984,160,439,1635,'\0'),(29985,15,441,1390,'\0'),(29986,235,453,1489,'\0'),(29987,135,417,1494,'\0'),(29988,120,447,1390,'\0'),(29989,20,485,1621,'\0'),(29990,40,480,1544,'\0'),(29991,70,448,1390,'\0'),(29992,45,443,1390,'\0'),(29993,217,482,1357,'\0'),(29994,10,490,1608,'\0'),(29995,20,467,1677,'\0'),(29996,210,447,1658,'\0'),(29997,89,448,1658,'\0'),(29998,90,443,1658,'\0'),(29999,4,469,1552,'\0'),(30000,150,445,1658,'\0'),(30001,20,485,1391,'\0'),(30002,15,441,1658,'\0'),(30003,483,495,1441,'\0'),(30004,70,442,1658,'\0'),(30005,60,456,1658,'\0'),(30006,20,458,1444,'\0'),(30007,50,454,1658,'\0'),(30008,200,455,1658,'\0'),(30009,35,459,1410,'\0'),(30010,500,437,1573,'\0'),(30011,15,425,1658,'\0'),(30012,20,461,1409,'\0'),(30013,310,417,1604,'\0'),(30014,70,421,1658,'\0'),(30015,10,444,1480,'\0'),(30016,20,485,1545,'\0'),(30017,9,444,1673,'\0'),(30018,37,461,1360,'\0'),(30019,8,444,1680,'\0'),(30020,20,485,1521,'\0'),(30021,6,469,1517,'\0'),(30022,30,461,1554,'\0'),(30023,20,480,1618,'\0'),(30024,237,423,1495,'\0'),(30025,790,437,1487,'\0'),(30026,375,417,1532,'\0'),(30027,20,485,1668,'\0'),(30028,63,426,1559,'\0'),(30029,7.5,444,1663,'\0'),(30030,170,499,1573,'\0'),(30031,20,458,1424,'\0'),(30032,20,485,1512,'\0'),(30033,6,469,1441,'\0'),(30034,51,459,1541,'\0'),(30035,18,425,1387,'\0'),(30036,20,460,1541,'\0'),(30037,20,485,1633,'\0'),(30038,20,449,1451,'\0'),(30039,220,455,1387,'\0'),(30040,6,469,1364,'\0'),(30041,52,454,1387,'\0'),(30042,60,456,1387,'\0'),(30043,105,495,1524,'\0'),(30044,290,492,1415,'\0'),(30045,40,480,1661,'\0'),(30046,135,417,1389,'\0'),(30047,70,442,1387,'\0'),(30048,427,495,1552,'\0'),(30049,150,445,1387,'\0'),(30050,100,443,1387,'\0'),(30051,70,448,1387,'\0'),(30052,52,461,1604,'\0'),(30053,120,438,1414,'\0'),(30054,210,447,1387,'\0'),(30055,250,453,1505,'\0'),(30056,30,461,1391,'\0'),(30057,20,485,1486,'\0'),(30058,52,461,1611,'\0'),(30059,143,417,1673,'\0'),(30060,44,459,1621,'\0'),(30061,6,469,1656,'\0'),(30062,20,460,1621,'\0'),(30063,280,453,1627,'\0'),(30064,10,490,1546,'\0'),(30065,480,437,1564,'\0'),(30066,900,437,1464,'\0'),(30067,30,461,1467,'\0'),(30068,9,444,1506,'\0'),(30069,20,449,1630,'\0'),(30070,373,437,1476,'\0'),(30071,237,423,1480,'\0'),(30072,330,453,1477,'\0'),(30073,260,453,1651,'\0'),(30074,92,431,1500,'\0'),(30075,150,445,1541,'\0'),(30076,115,443,1541,'\0'),(30077,10,490,1506,'\0'),(30078,64,448,1541,'\0'),(30079,210,447,1541,'\0'),(30080,70,442,1541,'\0'),(30081,52,454,1541,'\0'),(30082,220,455,1541,'\0'),(30083,7.5,444,1546,'\0'),(30084,10,490,1669,'\0'),(30085,60,480,1502,'\0'),(30086,90,448,1548,'\0'),(30087,130,443,1548,'\0'),(30088,60,456,1541,'\0'),(30089,165,447,1548,'\0'),(30090,6,469,1609,'\0'),(30091,60,442,1548,'\0'),(30092,20,485,1585,'\0'),(30093,35,454,1548,'\0'),(30094,237,414,1610,'\0'),(30095,4,469,1481,'\0'),(30096,47,461,1486,'\0'),(30097,55,456,1548,'\0'),(30098,51,459,1387,'\0'),(30099,115,438,1510,'\0'),(30100,170,499,1421,'\0'),(30101,9,444,1425,'\0'),(30102,79,410,1360,'\0'),(30103,120,438,1468,'\0'),(30104,373,437,1472,'\0'),(30105,18,462,1391,'\0'),(30106,130,455,1548,'\0'),(30107,70,421,1548,'\0'),(30108,900,437,1666,'\0'),(30109,60,430,1548,'\0'),(30110,240,417,1468,'\0'),(30111,433,453,1449,'\0'),(30112,7,469,1386,'\0'),(30113,20,425,1548,'\0'),(30114,8,444,1391,'\0'),(30115,210,447,1651,'\0'),(30116,10,417,1419,'\0'),(30117,90,440,1388,'\0'),(30118,150,445,1651,'\0'),(30119,90,443,1651,'\0'),(30120,89,448,1651,'\0'),(30121,70,442,1651,'\0'),(30122,170,499,1482,'\0'),(30123,110,429,1550,'\0'),(30124,44,459,1380,'\0'),(30125,550,437,1434,'\0'),(30126,130,447,1431,'\0'),(30127,15,441,1431,'\0'),(30128,11,444,1669,'\0'),(30129,125,448,1431,'\0'),(30130,60,443,1431,'\0'),(30131,123,417,1435,'\0'),(30132,7,469,1607,'\0'),(30133,40,480,1574,'\0'),(30134,217,433,1624,'\0'),(30135,40,480,1491,'\0'),(30136,217,478,1491,'\0'),(30137,7.5,444,1621,'\0'),(30138,20,480,1446,'\0'),(30139,493,453,1616,'\0'),(30140,170,417,1554,'\0'),(30141,230,453,1642,'\0'),(30142,240,417,1458,'\0'),(30143,123,417,1479,'\0'),(30144,690,437,1516,'\0'),(30145,60,480,1664,'\0'),(30146,375,495,1510,'\0'),(30147,6,469,1648,'\0'),(30148,345,453,1547,'\0'),(30149,40,480,1424,'\0'),(30150,980,495,1536,'\0'),(30151,4,469,1403,'\0'),(30152,15,443,1520,'\0'),(30153,7,469,1507,'\0'),(30154,500,437,1363,'\0'),(30155,40,480,1585,'\0'),(30156,207,483,1640,'\0'),(30157,240,417,1457,'\0'),(30158,130,417,1571,'\0'),(30159,207,487,1680,'\0'),(30160,10,444,1471,'\0'),(30161,20,471,1620,'\0'),(30162,10,490,1429,'\0'),(30163,50,415,1431,'\0'),(30164,89,404,1623,'\0'),(30165,200,417,1448,'\0'),(30166,70,492,1509,'\0'),(30167,14,425,1520,'\0'),(30168,290,453,1372,'\0'),(30169,20,471,1435,'\0'),(30170,410,453,1375,'\0'),(30171,40,480,1425,'\0'),(30172,40,480,1483,'\0'),(30173,7.5,444,1602,'\0'),(30174,40,480,1596,'\0'),(30175,15,425,1431,'\0'),(30176,207,422,1393,'\0'),(30177,57,408,1496,'\0'),(30178,15,490,1587,'\0'),(30179,37,461,1456,'\0'),(30180,120,438,1458,'\0'),(30181,20,485,1431,'\0'),(30182,550,437,1555,'\0'),(30183,177,417,1624,'\0'),(30184,8,444,1446,'\0'),(30185,30,425,1492,'\0'),(30186,20,485,1520,'\0'),(30187,312,492,1480,'\0'),(30188,35,459,1412,'\0'),(30189,336,495,1605,'\0'),(30190,280,453,1500,'\0'),(30191,10,490,1376,'\0'),(30192,207,483,1638,'\0'),(30193,20,480,1431,'\0'),(30194,15,425,1642,'\0'),(30195,250,447,1492,'\0'),(30196,740,437,1568,'\0'),(30197,70,448,1492,'\0'),(30198,123,417,1665,'\0'),(30199,10,444,1495,'\0'),(30200,4,469,1588,'\0'),(30201,15,490,1566,'\0'),(30202,210,447,1686,'\0'),(30203,5,490,1367,'\0'),(30204,125,448,1686,'\0'),(30205,120,438,1605,'\0'),(30206,100,443,1642,'\0'),(30207,168,447,1642,'\0'),(30208,150,445,1642,'\0'),(30209,70,442,1642,'\0'),(30210,403,453,1355,'\0'),(30211,60,456,1642,'\0'),(30212,200,455,1642,'\0'),(30213,50,454,1642,'\0'),(30214,10,490,1386,'\0'),(30215,207,487,1371,'\0'),(30216,92,431,1599,'\0'),(30217,207,481,1389,'\0'),(30218,20,480,1390,'\0'),(30219,433,453,1485,'\0'),(30220,330,453,1423,'\0'),(30221,312,492,1632,'\0'),(30222,600,453,1461,'\0'),(30223,49,467,1544,'\0'),(30224,7.5,444,1357,'\0'),(30225,483,495,1516,'\0'),(30226,70,461,1393,'\0'),(30227,6,444,1618,'\0'),(30228,60,480,1589,'\0'),(30229,79,410,1680,'\0'),(30230,295,453,1598,'\0'),(30231,10,490,1409,'\0'),(30232,10,444,1610,'\0'),(30233,125,448,1586,'\0'),(30234,30,425,1586,'\0'),(30235,20,485,1632,'\0'),(30236,238,492,1557,'\0'),(30237,40,480,1373,'\0'),(30238,82,417,1553,'\0'),(30239,583,437,1535,'\0'),(30240,60,480,1682,'\0'),(30241,143,417,1405,'\0'),(30242,310,417,1480,'\0'),(30243,15,490,1676,'\0'),(30244,92,431,1387,'\0'),(30245,270,417,1440,'\0'),(30246,210,447,1586,'\0'),(30247,130,417,1426,'\0'),(30248,110,429,1649,'\0'),(30249,125,448,1606,'\0'),(30250,210,447,1606,'\0'),(30251,10,490,1600,'\0'),(30252,177,417,1401,'\0'),(30253,66,412,1453,'\0'),(30254,49,467,1478,'\0'),(30255,92,428,1369,'\0'),(30256,61,413,1478,'\0'),(30257,336,495,1564,'\0'),(30258,255,453,1365,'\0'),(30259,160,439,1676,'\0'),(30260,20,485,1560,'\0'),(30261,50,461,1471,'\0'),(30262,583,437,1607,'\0'),(30263,20,485,1591,'\0'),(30264,280,453,1418,'\0'),(30265,139,417,1600,'\0'),(30266,535,437,1465,'\0'),(30267,10,444,1587,'\0'),(30268,30,425,1606,'\0'),(30269,40,480,1677,'\0'),(30270,20,485,1606,'\0'),(30271,312,492,1586,'\0'),(30272,37,461,1660,'\0'),(30273,72,426,1548,'\0'),(30274,500,437,1366,'\0'),(30275,237,414,1471,'\0'),(30276,20,485,1586,'\0'),(30277,130,417,1650,'\0'),(30278,400,437,1482,'\0'),(30279,483,437,1678,'\0'),(30280,123,417,1523,'\0'),(30281,312,492,1591,'\0'),(30282,312,492,1679,'\0'),(30283,20,480,1633,'\0'),(30284,15,459,1492,'\0'),(30285,70,421,1496,'\0'),(30286,40,456,1560,'\0'),(30287,10,425,1496,'\0'),(30288,95,445,1560,'\0'),(30289,45,442,1560,'\0'),(30290,70,421,1643,'\0'),(30291,18,462,1557,'\0'),(30292,150,455,1496,'\0'),(30293,60,480,1641,'\0'),(30294,38,454,1496,'\0'),(30295,20,485,1379,'\0'),(30296,20,485,1541,'\0'),(30297,15,425,1643,'\0'),(30298,183,447,1560,'\0'),(30299,40,456,1496,'\0'),(30300,65,443,1560,'\0'),(30301,123,417,1680,'\0'),(30302,64,448,1560,'\0'),(30303,483,495,1459,'\0'),(30304,50,454,1643,'\0'),(30305,45,442,1496,'\0'),(30306,200,455,1643,'\0'),(30307,60,456,1643,'\0'),(30308,95,445,1496,'\0'),(30309,200,417,1460,'\0'),(30310,9,444,1491,'\0'),(30311,55,443,1496,'\0'),(30312,89,448,1496,'\0'),(30313,3,491,1662,'\0'),(30314,183,447,1496,'\0'),(30315,70,442,1643,'\0'),(30316,150,445,1643,'\0'),(30317,90,443,1643,'\0'),(30318,305,453,1513,'\0'),(30319,89,448,1643,'\0'),(30320,100,417,1430,'\0'),(30321,10,425,1560,'\0'),(30322,210,447,1643,'\0'),(30323,9,444,1638,'\0'),(30324,20,475,1608,'\0'),(30325,20,468,1510,'\0'),(30326,38,454,1560,'\0'),(30327,305,453,1683,'\0'),(30328,150,455,1560,'\0'),(30329,40,480,1545,'\0'),(30330,10,444,1408,'\0'),(30331,18,462,1480,'\0'),(30332,120,438,1608,'\0'),(30333,20,472,1561,'\0'),(30334,10,490,1637,'\0'),(30335,20,460,1668,'\0'),(30336,44,459,1668,'\0'),(30337,60,480,1614,'\0'),(30338,290,492,1565,'\0'),(30339,10,490,1435,'\0'),(30340,15,444,1532,'\0'),(30341,85,405,1643,'\0'),(30342,217,401,1430,'\0'),(30343,20,485,1544,'\0'),(30344,4,469,1581,'\0'),(30345,52,461,1480,'\0'),(30346,15,490,1630,'\0'),(30347,47,461,1673,'\0'),(30348,10,490,1479,'\0'),(30349,20,485,1360,'\0'),(30350,11,444,1389,'\0'),(30351,15,490,1451,'\0'),(30352,23,425,1379,'\0'),(30353,15,425,1541,'\0'),(30354,20,485,1410,'\0'),(30355,20,460,1497,'\0'),(30356,51,459,1497,'\0'),(30357,20,475,1414,'\0'),(30358,450,437,1654,'\0'),(30359,386,437,1578,'\0'),(30360,40,480,1354,'\0'),(30361,207,481,1405,'\0'),(30362,70,448,1379,'\0'),(30363,170,447,1379,'\0'),(30364,50,461,1557,'\0'),(30365,20,485,1504,'\0'),(30366,260,453,1356,'\0'),(30367,293,453,1399,'\0'),(30368,79,409,1523,'\0'),(30369,4,469,1476,'\0'),(30370,10,490,1458,'\0'),(30371,7.5,444,1409,'\0'),(30372,60,456,1369,'\0'),(30373,690,437,1441,'\0'),(30374,15,441,1369,'\0'),(30375,70,442,1369,'\0'),(30376,110,443,1369,'\0'),(30377,47,461,1497,'\0'),(30378,6,469,1654,'\0'),(30379,150,445,1369,'\0'),(30380,210,447,1369,'\0'),(30381,89,448,1369,'\0'),(30382,40,480,1655,'\0'),(30383,37,461,1523,'\0'),(30384,49,467,1504,'\0'),(30385,20,485,1442,'\0'),(30386,250,492,1467,'\0'),(30387,95,445,1478,'\0'),(30388,115,445,1416,'\0'),(30389,65,442,1478,'\0'),(30390,18,462,1644,'\0'),(30391,40,480,1563,'\0'),(30392,200,447,1416,'\0'),(30393,20,485,1416,'\0'),(30394,75,443,1416,'\0'),(30395,90,448,1416,'\0'),(30396,20,485,1387,'\0'),(30397,8,444,1637,'\0'),(30398,217,447,1478,'\0'),(30399,165,448,1478,'\0'),(30400,4,469,1578,'\0'),(30401,70,421,1369,'\0'),(30402,70,443,1478,'\0'),(30403,38,454,1478,'\0'),(30404,44,454,1416,'\0'),(30405,15,425,1369,'\0'),(30406,160,455,1478,'\0'),(30407,10,490,1620,'\0'),(30408,190,455,1416,'\0'),(30409,55,456,1416,'\0'),(30410,217,433,1401,'\0'),(30411,9,444,1640,'\0'),(30412,82,417,1393,'\0'),(30413,10,425,1416,'\0'),(30414,20,460,1680,'\0'),(30415,38,459,1680,'\0'),(30416,55,456,1478,'\0'),(30417,18,462,1680,'\0'),(30418,217,482,1438,'\0'),(30419,115,438,1429,'\0'),(30420,52,454,1369,'\0'),(30421,20,485,1643,'\0'),(30422,37,461,1680,'\0'),(30423,220,455,1369,'\0'),(30424,20,460,1631,'\0'),(30425,38,459,1631,'\0'),(30426,20,471,1607,'\0'),(30427,150,445,1384,'\0'),(30428,20,485,1447,'\0'),(30429,9,444,1494,'\0'),(30430,90,448,1384,'\0'),(30431,100,443,1384,'\0'),(30432,210,447,1384,'\0'),(30433,4,469,1593,'\0'),(30434,30,461,1448,'\0'),(30435,438,453,1590,'\0'),(30436,237,423,1587,'\0'),(30437,20,460,1484,'\0'),(30438,44,459,1484,'\0'),(30439,60,480,1480,'\0'),(30440,360,453,1465,'\0'),(30441,338,417,1515,'\0'),(30442,20,485,1354,'\0'),(30443,15,425,1504,'\0'),(30444,50,461,1457,'\0'),(30445,290,453,1482,'\0'),(30446,51,459,1405,'\0'),(30447,35,459,1624,'\0'),(30448,9,444,1655,'\0'),(30449,52,454,1504,'\0'),(30450,250,453,1511,'\0'),(30451,220,455,1504,'\0'),(30452,10,444,1460,'\0'),(30453,20,485,1614,'\0'),(30454,60,456,1504,'\0'),(30455,75.5,461,1544,'\0'),(30456,20,444,1415,'\0'),(30457,6,469,1451,'\0'),(30458,6,469,1493,'\0'),(30459,207,481,1380,'\0'),(30460,237,423,1580,'\0'),(30461,20,467,1563,'\0'),(30462,10,425,1413,'\0'),(30463,240,447,1504,'\0'),(30464,10,444,1468,'\0'),(30465,6,469,1635,'\0'),(30466,443,437,1657,'\0'),(30467,10,444,1457,'\0'),(30468,20,485,1466,'\0'),(30469,190,455,1413,'\0'),(30470,15,425,1384,'\0'),(30471,20,479,1415,'\0'),(30472,44,454,1413,'\0'),(30473,37,461,1571,'\0'),(30474,200,455,1384,'\0'),(30475,119,434,1506,'\0'),(30476,60,456,1413,'\0'),(30477,50,454,1384,'\0'),(30478,40,480,1401,'\0'),(30479,70,442,1504,'\0'),(30480,40,480,1590,'\0'),(30481,146,417,1429,'\0'),(30482,7.5,444,1622,'\0'),(30483,150,445,1504,'\0'),(30484,80,443,1413,'\0'),(30485,115,443,1504,'\0'),(30486,90,448,1413,'\0'),(30487,170,499,1355,'\0'),(30488,115,445,1413,'\0'),(30489,60,456,1384,'\0'),(30490,165,448,1504,'\0'),(30491,240,417,1471,'\0'),(30492,20,485,1389,'\0'),(30493,8,469,1383,'\0'),(30494,20,449,1617,'\0'),(30495,4,469,1524,'\0'),(30496,40,480,1638,'\0'),(30497,10,490,1673,'\0'),(30498,290,447,1597,'\0'),(30499,170,499,1366,'\0'),(30500,290,466,1519,'\0'),(30501,38,459,1478,'\0'),(30502,20,460,1478,'\0'),(30503,6,469,1450,'\0'),(30504,40,480,1684,'\0'),(30505,10,490,1382,'\0'),(30506,70,448,1415,'\0'),(30507,250,447,1415,'\0'),(30508,60,480,1632,'\0'),(30509,20,485,1589,'\0'),(30510,10,490,1362,'\0'),(30511,20,485,1554,'\0'),(30512,550,437,1498,'\0'),(30513,30,425,1415,'\0'),(30514,10,490,1672,'\0'),(30515,130,417,1602,'\0'),(30516,20,447,1509,'\0'),(30517,82,417,1367,'\0'),(30518,7,469,1678,'\0'),(30519,139,417,1406,'\0'),(30520,92,428,1392,'\0'),(30521,300,453,1675,'\0'),(30522,237,423,1611,'\0'),(30523,250,453,1659,'\0'),(30524,427,495,1551,'\0'),(30525,20,485,1496,'\0'),(30526,6,469,1368,'\0'),(30527,15,437,1398,'\0'),(30528,5,425,1509,'\0'),(30529,10,490,1588,'\0'),(30530,18,462,1658,'\0'),(30531,483,437,1421,'\0'),(30532,40,480,1675,'\0'),(30533,50,459,1658,'\0'),(30534,20,449,1648,'\0'),(30535,20,460,1658,'\0'),(30536,237,423,1686,'\0'),(30537,10,444,1597,'\0'),(30538,10,444,1518,'\0'),(30539,40,480,1439,'\0'),(30540,4,469,1435,'\0'),(30541,295,453,1685,'\0'),(30542,980,495,1515,'\0'),(30543,110,443,1438,'\0'),(30544,110,429,1669,'\0'),(30545,165,448,1438,'\0'),(30546,20,460,1357,'\0'),(30547,38,459,1357,'\0'),(30548,240,447,1438,'\0'),(30549,312,492,1580,'\0'),(30550,104,427,1549,'\0'),(30551,433,453,1568,'\0'),(30552,30,461,1444,'\0'),(30553,15,425,1437,'\0'),(30554,9,444,1596,'\0'),(30555,40,480,1382,'\0'),(30556,10,490,1401,'\0'),(30557,310,417,1641,'\0'),(30558,210,447,1437,'\0'),(30559,104,427,1609,'\0'),(30560,7.5,444,1474,'\0'),(30561,10,490,1403,'\0'),(30562,150,445,1437,'\0'),(30563,310,417,1495,'\0'),(30564,90,448,1437,'\0'),(30565,115,443,1437,'\0'),(30566,170,452,1415,'\0'),(30567,20,485,1473,'\0'),(30568,493,453,1614,'\0'),(30569,18,462,1430,'\0'),(30570,312,492,1587,'\0'),(30571,60,456,1437,'\0'),(30572,403,453,1354,'\0'),(30573,52,454,1437,'\0'),(30574,220,455,1437,'\0'),(30575,207,487,1669,'\0'),(30576,237,423,1604,'\0'),(30577,70,442,1438,'\0'),(30578,60,480,1473,'\0'),(30579,207,481,1387,'\0'),(30580,4,469,1553,'\0'),(30581,150,445,1438,'\0'),(30582,8,469,1555,'\0'),(30583,60,456,1438,'\0'),(30584,20,461,1474,'\0'),(30585,20,485,1417,'\0'),(30586,10,425,1597,'\0'),(30587,18,462,1390,'\0'),(30588,220,455,1438,'\0'),(30589,52,454,1438,'\0'),(30590,145,463,1411,'\0'),(30591,20,461,1426,'\0'),(30592,20,485,1401,'\0'),(30593,4,469,1458,'\0'),(30594,20,485,1590,'\0'),(30595,15,425,1438,'\0'),(30596,480,437,1588,'\0'),(30597,10,444,1448,'\0'),(30598,20,460,1496,'\0'),(30599,480,437,1582,'\0'),(30600,38,459,1496,'\0'),(30601,50,461,1414,'\0'),(30602,44,459,1382,'\0'),(30603,438,453,1559,'\0'),(30604,9,444,1438,'\0'),(30605,600,453,1681,'\0'),(30606,20,437,1427,'\0'),(30607,312,492,1604,'\0'),(30608,9,444,1437,'\0'),(30609,20,471,1594,'\0'),(30610,9,444,1571,'\0'),(30611,94,424,1682,'\0'),(30612,20,485,1684,'\0'),(30613,75.5,461,1395,'\0'),(30614,450,437,1672,'\0'),(30615,15,490,1679,'\0'),(30616,290,466,1560,'\0'),(30617,10,444,1414,'\0'),(30618,336,495,1588,'\0'),(30619,66,412,1636,'\0'),(30620,386,437,1475,'\0'),(30621,60,480,1466,'\0'),(30622,100,417,1446,'\0'),(30623,410,453,1589,'\0'),(30624,237,414,1373,'\0'),(30625,9,444,1600,'\0'),(30626,90,448,1424,'\0'),(30627,115,445,1513,'\0'),(30628,90,440,1579,'\0'),(30629,200,447,1424,'\0'),(30630,15,441,1513,'\0'),(30631,65,442,1513,'\0'),(30632,40,480,1423,'\0'),(30633,200,447,1513,'\0'),(30634,89,404,1409,'\0'),(30635,115,445,1424,'\0'),(30636,89,448,1513,'\0'),(30637,65,443,1513,'\0'),(30638,75,443,1424,'\0'),(30639,44,454,1513,'\0'),(30640,55,456,1424,'\0'),(30641,207,483,1660,'\0'),(30642,190,455,1513,'\0'),(30643,190,455,1424,'\0'),(30644,55,456,1513,'\0'),(30645,44,454,1424,'\0'),(30646,310,417,1451,'\0'),(30647,70,421,1513,'\0'),(30648,20,460,1602,'\0'),(30649,10,444,1404,'\0'),(30650,50,461,1458,'\0'),(30651,10,425,1424,'\0'),(30652,18,462,1602,'\0'),(30653,76,407,1655,'\0'),(30654,44,459,1602,'\0'),(30655,104,493,1527,'\0'),(30656,10,425,1513,'\0'),(30657,8,497,1527,'\0'),(30658,416,437,1543,'\0'),(30659,10,496,1527,'\0'),(30660,66,412,1683,'\0'),(30661,130,447,1652,'\0'),(30662,20,475,1468,'\0'),(30663,60,443,1652,'\0'),(30664,10,444,1635,'\0'),(30665,125,448,1652,'\0'),(30666,583,437,1386,'\0'),(30667,30,461,1410,'\0'),(30668,9,444,1650,'\0'),(30669,20,458,1554,'\0'),(30670,20,485,1686,'\0'),(30671,15,425,1652,'\0'),(30672,207,483,1496,'\0'),(30673,10,490,1680,'\0'),(30674,360,453,1599,'\0'),(30675,207,483,1643,'\0'),(30676,40,480,1389,'\0'),(30677,10,490,1357,'\0'),(30678,160,439,1370,'\0'),(30679,49,470,1546,'\0'),(30680,18,462,1679,'\0'),(30681,119,432,1420,'\0'),(30682,6,469,1622,'\0'),(30683,20,485,1492,'\0'),(30684,10,444,1444,'\0'),(30685,210,447,1500,'\0'),(30686,100,443,1500,'\0'),(30687,65,448,1500,'\0'),(30688,15,425,1514,'\0'),(30689,20,485,1533,'\0'),(30690,150,445,1500,'\0'),(30691,15,490,1495,'\0'),(30692,70,442,1500,'\0'),(30693,6,469,1516,'\0'),(30694,10,444,1454,'\0'),(30695,10,453,1398,'\0'),(30696,76,407,1619,'\0'),(30697,60,456,1500,'\0'),(30698,20,458,1423,'\0'),(30699,220,455,1500,'\0'),(30700,52,454,1500,'\0'),(30701,238,492,1483,'\0'),(30702,290,466,1558,'\0'),(30703,15,425,1500,'\0'),(30704,37,461,1368,'\0'),(30705,8,444,1574,'\0'),(30706,15,443,1514,'\0'),(30707,330,492,1454,'\0'),(30708,215,453,1626,'\0'),(30709,105,495,1367,'\0'),(30710,50,459,1643,'\0'),(30711,20,460,1643,'\0'),(30712,20,475,1564,'\0'),(30713,20,485,1680,'\0'),(30714,237,423,1679,'\0'),(30715,550,437,1352,'\0'),(30716,250,492,1444,'\0'),(30717,20,458,1391,'\0'),(30718,610,437,1551,'\0'),(30719,40,480,1486,'\0'),(30720,217,478,1486,'\0'),(30721,40,480,1643,'\0'),(30722,47,461,1593,'\0'),(30723,10,444,1469,'\0'),(30724,6,469,1645,'\0'),(30725,8,469,1434,'\0'),(30726,47,461,1558,'\0'),(30727,40,480,1478,'\0'),(30728,10,490,1475,'\0'),(30729,20,485,1687,'\0'),(30730,165,492,1402,'\0'),(30731,176,417,1357,'\0'),(30732,160,439,1459,'\0'),(30733,15,490,1480,'\0'),(30734,310,417,1493,'\0'),(30735,160,439,1628,'\0'),(30736,20,485,1584,'\0'),(30737,52,461,1451,'\0'),(30738,146,417,1410,'\0'),(30739,120,438,1552,'\0'),(30740,15,490,1580,'\0'),(30741,375,495,1429,'\0'),(30742,20,485,1663,'\0'),(30743,20,467,1557,'\0'),(30744,200,447,1668,'\0'),(30745,115,445,1668,'\0'),(30746,120,448,1668,'\0'),(30747,80,443,1668,'\0'),(30748,20,449,1455,'\0'),(30749,6,469,1455,'\0'),(30750,15,425,1598,'\0'),(30751,5,444,1509,'\0'),(30752,255,453,1407,'\0'),(30753,180,455,1521,'\0'),(30754,38,454,1521,'\0'),(30755,10,425,1365,'\0'),(30756,130,417,1486,'\0'),(30757,55,456,1521,'\0'),(30758,310,417,1632,'\0'),(30759,38,459,1486,'\0'),(30760,9,444,1563,'\0'),(30761,20,460,1486,'\0'),(30762,57,408,1512,'\0'),(30763,70,421,1521,'\0'),(30764,20,449,1635,'\0'),(30765,45,443,1598,'\0'),(30766,240,417,1588,'\0'),(30767,10,425,1521,'\0'),(30768,150,447,1598,'\0'),(30769,40,480,1640,'\0'),(30770,170,448,1598,'\0'),(30771,325,453,1439,'\0'),(30772,120,417,1408,'\0'),(30773,183,447,1365,'\0'),(30774,119,432,1499,'\0'),(30775,65,443,1365,'\0'),(30776,47,461,1494,'\0'),(30777,120,448,1365,'\0'),(30778,170,499,1436,'\0'),(30779,217,482,1395,'\0'),(30780,95,445,1365,'\0'),(30781,65,442,1521,'\0'),(30782,40,456,1365,'\0'),(30783,15,441,1521,'\0'),(30784,115,445,1521,'\0'),(30785,8,444,1512,'\0'),(30786,60,443,1521,'\0'),(30787,89,448,1521,'\0'),(30788,200,447,1521,'\0'),(30789,38,454,1365,'\0'),(30790,18,462,1632,'\0'),(30791,20,485,1559,'\0'),(30792,150,455,1365,'\0'),(30793,76,407,1563,'\0'),(30794,240,417,1610,'\0'),(30795,57,408,1396,'\0'),(30796,583,437,1362,'\0'),(30797,139,417,1491,'\0'),(30798,20,457,1374,'\0'),(30799,15,490,1611,'\0'),(30800,123,417,1593,'\0'),(30801,38,459,1409,'\0'),(30802,20,460,1409,'\0'),(30803,410,453,1606,'\0'),(30804,20,485,1480,'\0'),(30805,20,485,1673,'\0'),(30806,8,469,1406,'\0'),(30807,610,437,1552,'\0'),(30808,60,456,1668,'\0'),(30809,237,423,1682,'\0'),(30810,44,454,1668,'\0'),(30811,190,455,1668,'\0'),(30812,145,463,1374,'\0'),(30813,160,439,1533,'\0'),(30814,145,463,1503,'\0'),(30815,10,425,1668,'\0'),(30816,20,485,1393,'\0'),(30817,47,461,1435,'\0'),(30818,75.5,461,1506,'\0'),(30819,20,480,1554,'\0'),(30820,19,457,1503,'\0'),(30821,207,487,1456,'\0'),(30822,160,439,1487,'\0'),(30823,15,425,1391,'\0'),(30824,15,490,1641,'\0'),(30825,74,426,1404,'\0'),(30826,133,417,1672,'\0'),(30827,200,455,1425,'\0'),(30828,50,454,1425,'\0'),(30829,20,485,1546,'\0'),(30830,60,456,1425,'\0'),(30831,15,441,1646,'\0'),(30832,400,437,1595,'\0'),(30833,207,483,1512,'\0'),(30834,10,490,1486,'\0'),(30835,10,490,1633,'\0'),(30836,15,441,1425,'\0'),(30837,125,448,1646,'\0'),(30838,70,442,1425,'\0'),(30839,210,447,1646,'\0'),(30840,100,443,1425,'\0'),(30841,7.5,444,1633,'\0'),(30842,5,480,1433,'\0'),(30843,150,445,1425,'\0'),(30844,210,447,1425,'\0'),(30845,20,467,1602,'\0'),(30846,410,453,1664,'\0'),(30847,125,448,1425,'\0'),(30848,553,495,1635,'\0'),(30849,20,485,1626,'\0'),(30850,373,437,1671,'\0'),(30851,255,453,1560,'\0'),(30852,30,425,1646,'\0'),(30853,15,425,1425,'\0'),(30854,10,425,1545,'\0'),(30855,6,469,1543,'\0'),(30856,240,417,1414,'\0'),(30857,190,455,1545,'\0'),(30858,44,454,1545,'\0'),(30859,4,469,1639,'\0'),(30860,20,485,1445,'\0'),(30861,550,437,1406,'\0'),(30862,55,456,1545,'\0'),(30863,7.5,444,1486,'\0'),(30864,65,442,1545,'\0'),(30865,40,480,1412,'\0'),(30866,115,445,1545,'\0'),(30867,75,443,1545,'\0'),(30868,104,402,1382,'\0'),(30869,64,448,1545,'\0'),(30870,200,447,1545,'\0'),(30871,150,437,1367,'\0'),(30872,125,448,1449,'\0'),(30873,217,418,1518,'\0'),(30874,210,447,1449,'\0'),(30875,6,469,1617,'\0'),(30876,85,405,1547,'\0'),(30877,60,480,1492,'\0'),(30878,10,490,1476,'\0'),(30879,10,490,1406,'\0'),(30880,6,469,1459,'\0'),(30881,18,462,1446,'\0'),(30882,104,402,1622,'\0'),(30883,119,432,1498,'\0'),(30884,10,444,1611,'\0'),(30885,355,453,1361,'\0'),(30886,4,469,1551,'\0'),(30887,60,480,1686,'\0'),(30888,11,444,1387,'\0'),(30889,15,444,1515,'\0'),(30890,20,472,1368,'\0'),(30891,9,444,1660,'\0'),(30892,15,490,1604,'\0'),(30893,553,495,1493,'\0'),(30894,85,405,1356,'\0'),(30895,443,437,1619,'\0'),(30896,20,472,1394,'\0'),(30897,40,480,1467,'\0'),(30898,47,461,1491,'\0'),(30899,37,461,1574,'\0'),(30900,37,461,1669,'\0'),(30901,238,492,1373,'\0'),(30902,40,480,1642,'\0'),(30903,130,417,1563,'\0'),(30904,20,471,1593,'\0'),(30905,10,490,1456,'\0'),(30906,170,499,1413,'\0'),(30907,217,418,1402,'\0'),(30908,20,460,1547,'\0'),(30909,50,459,1547,'\0'),(30910,10,490,1467,'\0'),(30911,79,409,1474,'\0'),(30912,20,460,1669,'\0'),(30913,50,459,1669,'\0'),(30914,52,461,1587,'\0'),(30915,66,412,1477,'\0'),(30916,390,453,1503,'\0'),(30917,18,462,1669,'\0'),(30918,20,460,1491,'\0'),(30919,51,459,1491,'\0'),(30920,20,460,1574,'\0'),(30921,38,459,1574,'\0'),(30922,40,480,1513,'\0'),(30923,52,461,1682,'\0'),(30924,35,454,1412,'\0'),(30925,130,455,1412,'\0'),(30926,60,456,1423,'\0'),(30927,470,453,1646,'\0'),(30928,55,456,1412,'\0'),(30929,44,454,1423,'\0'),(30930,190,455,1423,'\0'),(30931,30,425,1664,'\0'),(30932,70,421,1412,'\0'),(30933,10,425,1423,'\0'),(30934,20,425,1412,'\0'),(30935,60,430,1412,'\0'),(30936,8,469,1501,'\0'),(30937,125,448,1664,'\0'),(30938,60,480,1679,'\0'),(30939,125,448,1583,'\0'),(30940,210,447,1583,'\0'),(30941,70,443,1661,'\0'),(30942,70,461,1367,'\0'),(30943,125,448,1661,'\0'),(30944,76,406,1380,'\0'),(30945,115,445,1661,'\0'),(30946,92,428,1627,'\0'),(30947,130,417,1655,'\0'),(30948,210,447,1664,'\0'),(30949,200,447,1661,'\0'),(30950,130,417,1368,'\0'),(30951,550,437,1501,'\0'),(30952,237,423,1632,'\0'),(30953,30,461,1446,'\0'),(30954,200,447,1423,'\0'),(30955,90,448,1423,'\0'),(30956,65,442,1661,'\0'),(30957,130,417,1382,'\0'),(30958,80,443,1423,'\0'),(30959,115,445,1423,'\0'),(30960,38,454,1661,'\0'),(30961,55,456,1661,'\0'),(30962,6,469,1422,'\0'),(30963,980,437,1536,'\0'),(30964,180,455,1661,'\0'),(30965,30,425,1583,'\0'),(30966,20,467,1682,'\0'),(30967,10,425,1661,'\0'),(30968,207,483,1655,'\0'),(30969,120,447,1618,'\0'),(30970,550,437,1420,'\0'),(30971,70,448,1618,'\0'),(30972,45,443,1618,'\0'),(30973,10,444,1467,'\0'),(30974,15,441,1618,'\0'),(30975,160,417,1404,'\0'),(30976,20,472,1650,'\0'),(30977,217,482,1478,'\0'),(30978,61,413,1574,'\0'),(30979,130,426,1377,'\0'),(30980,130,443,1412,'\0'),(30981,265,453,1519,'\0'),(30982,165,447,1412,'\0'),(30983,49,467,1357,'\0'),(30984,90,448,1412,'\0'),(30985,104,402,1484,'\0'),(30986,690,437,1688,'\0'),(30987,60,442,1412,'\0'),(30988,20,485,1423,'\0'),(30989,4,469,1475,'\0'),(30990,20,485,1412,'\0'),(30991,30,425,1449,'\0'),(30992,143,417,1596,'\0'),(30993,115,445,1626,'\0'),(30994,500,453,1359,'\0'),(30995,65,442,1626,'\0'),(30996,9,444,1456,'\0'),(30997,110,429,1507,'\0'),(30998,730,453,1514,'\0'),(30999,156,447,1626,'\0'),(31000,443,437,1422,'\0'),(31001,75,443,1626,'\0'),(31002,44,454,1626,'\0'),(31003,190,455,1626,'\0'),(31004,7.5,444,1395,'\0'),(31005,15,490,1493,'\0'),(31006,60,430,1374,'\0'),(31007,79,410,1357,'\0'),(31008,20,425,1374,'\0'),(31009,30,461,1429,'\0'),(31010,40,480,1548,'\0'),(31011,55,456,1626,'\0'),(31012,35,454,1374,'\0'),(31013,130,455,1374,'\0'),(31014,52,461,1635,'\0'),(31015,10,425,1626,'\0'),(31016,11,444,1406,'\0'),(31017,165,447,1374,'\0'),(31018,130,443,1374,'\0'),(31019,70,448,1374,'\0'),(31020,200,447,1503,'\0'),(31021,158,448,1503,'\0'),(31022,130,443,1503,'\0'),(31023,20,472,1672,'\0'),(31024,18,462,1682,'\0'),(31025,60,442,1503,'\0'),(31026,55,456,1374,'\0'),(31027,336,495,1582,'\0'),(31028,355,453,1613,'\0'),(31029,104,427,1428,'\0'),(31030,60,442,1374,'\0'),(31031,143,417,1362,'\0'),(31032,150,492,1408,'\0'),(31033,60,430,1503,'\0'),(31034,217,482,1544,'\0'),(31035,360,453,1615,'\0'),(31036,35,454,1503,'\0'),(31037,61,413,1489,'\0'),(31038,130,455,1503,'\0'),(31039,12,461,1406,'\0'),(31040,55,456,1503,'\0'),(31041,90,453,1572,'\0'),(31042,20,485,1664,'\0'),(31043,20,425,1503,'\0'),(31044,20,480,1496,'\0'),(31045,190,455,1640,'\0'),(31046,44,454,1640,'\0'),(31047,52,461,1495,'\0'),(31048,4,469,1671,'\0'),(31049,55,456,1640,'\0'),(31050,10,425,1640,'\0'),(31051,217,478,1673,'\0'),(31052,90,440,1553,'\0'),(31053,123,417,1475,'\0'),(31054,15,490,1617,'\0'),(31055,40,480,1673,'\0'),(31056,123,417,1574,'\0'),(31057,40,480,1520,'\0'),(31058,20,480,1365,'\0'),(31059,217,478,1365,'\0'),(31060,50,461,1483,'\0'),(31061,70,421,1640,'\0'),(31062,220,417,1444,'\0'),(31063,123,417,1512,'\0'),(31064,1100,437,1577,'\0'),(31065,15,490,1635,'\0'),(31066,483,495,1462,'\0'),(31067,20,485,1618,'\0'),(31068,200,447,1640,'\0'),(31069,10,490,1368,'\0'),(31070,115,445,1640,'\0'),(31071,10,444,1632,'\0'),(31072,89,448,1640,'\0'),(31073,70,443,1640,'\0'),(31074,40,480,1660,'\0'),(31075,65,442,1640,'\0'),(31076,207,487,1677,'\0'),(31077,310,417,1580,'\0'),(31078,207,411,1390,'\0'),(31079,18,462,1641,'\0'),(31080,10,444,1493,'\0'),(31081,238,492,1610,'\0'),(31082,210,447,1371,'\0'),(31083,10,490,1593,'\0'),(31084,100,443,1371,'\0'),(31085,89,448,1371,'\0'),(31086,6,469,1657,'\0'),(31087,220,417,1469,'\0'),(31088,15,441,1371,'\0'),(31089,150,445,1371,'\0'),(31090,217,489,1622,'\0'),(31091,70,442,1371,'\0'),(31092,20,451,1515,'\0'),(31093,145,463,1412,'\0'),(31094,60,456,1371,'\0'),(31095,220,455,1371,'\0'),(31096,52,454,1371,'\0'),(31097,40,480,1456,'\0'),(31098,15,425,1371,'\0'),(31099,70,421,1371,'\0'),(31100,518,495,1455,'\0'),(31101,4,469,1367,'\0'),(31102,52,461,1641,'\0'),(31103,415,453,1562,'\0'),(31104,10,490,1607,'\0'),(31105,76,407,1657,'\0'),(31106,18,462,1677,'\0'),(31107,38,459,1677,'\0'),(31108,20,460,1677,'\0'),(31109,20,485,1640,'\0'),(31110,49,467,1477,'\0'),(31111,10,444,1402,'\0'),(31112,450,437,1450,'\0'),(31113,386,437,1639,'\0'),(31114,7,469,1669,'\0'),(31115,15,425,1618,'\0'),(31116,70,421,1618,'\0'),(31117,250,492,1469,'\0'),(31118,10,444,1679,'\0'),(31119,9,444,1368,'\0'),(31120,10,490,1596,'\0'),(31121,247,453,1378,'\0'),(31122,49,467,1525,'\0'),(31123,237,414,1483,'\0'),(31124,217,478,1668,'\0'),(31125,583,437,1392,'\0'),(31126,40,480,1668,'\0'),(31127,20,480,1391,'\0'),(31128,600,453,1464,'\0'),(31129,20,480,1393,'\0'),(31130,79,410,1512,'\0'),(31131,49,467,1624,'\0'),(31132,15,490,1632,'\0'),(31133,10,490,1410,'\0'),(31134,210,447,1589,'\0'),(31135,7.5,444,1593,'\0'),(31136,1200,437,1566,'\0'),(31137,310,417,1635,'\0'),(31138,110,429,1678,'\0'),(31139,312,492,1641,'\0'),(31140,79,409,1574,'\0'),(31141,79,409,1677,'\0'),(31142,30,425,1502,'\0'),(31143,168,447,1505,'\0'),(31144,238,492,1414,'\0'),(31145,70,442,1505,'\0'),(31146,150,445,1505,'\0'),(31147,40,480,1384,'\0'),(31148,110,443,1505,'\0'),(31149,60,456,1505,'\0'),(31150,70,448,1502,'\0'),(31151,60,480,1611,'\0'),(31152,386,437,1653,'\0'),(31153,530,437,1414,'\0'),(31154,433,453,1487,'\0'),(31155,20,449,1679,'\0'),(31156,220,455,1505,'\0'),(31157,20,485,1637,'\0'),(31158,52,454,1505,'\0'),(31159,20,460,1633,'\0'),(31160,38,459,1633,'\0'),(31161,250,447,1502,'\0'),(31162,300,417,1454,'\0'),(31163,4,469,1653,'\0'),(31164,119,434,1535,'\0'),(31165,15,425,1505,'\0'),(31166,18,462,1469,'\0'),(31167,20,480,1680,'\0'),(31168,30,461,1469,'\0'),(31169,12,461,1475,'\0'),(31170,20,485,1638,'\0'),(31171,416,437,1477,'\0'),(31172,9,444,1541,'\0'),(31173,207,481,1382,'\0'),(31174,37,461,1512,'\0'),(31175,37,461,1677,'\0'),(31176,49,470,1395,'\0'),(31177,60,492,1446,'\0'),(31178,20,457,1508,'\0'),(31179,20,475,1457,'\0'),(31180,13,425,1445,'\0'),(31181,50,461,1373,'\0'),(31182,10,444,1604,'\0'),(31183,4,469,1474,'\0'),(31184,44,459,1655,'\0'),(31185,237,423,1635,'\0'),(31186,52,461,1580,'\0'),(31187,65,443,1445,'\0'),(31188,115,445,1445,'\0'),(31189,200,447,1445,'\0'),(31190,70,448,1445,'\0'),(31191,11,444,1643,'\0'),(31192,360,453,1508,'\0'),(31193,15,490,1455,'\0'),(31194,20,485,1502,'\0'),(31195,49,467,1547,'\0'),(31196,65,442,1445,'\0'),(31197,20,485,1371,'\0'),(31198,190,455,1445,'\0'),(31199,44,454,1445,'\0'),(31200,20,485,1439,'\0'),(31201,55,456,1445,'\0'),(31202,200,447,1413,'\0'),(31203,65,448,1638,'\0'),(31204,200,447,1638,'\0'),(31205,433,453,1447,'\0'),(31206,115,445,1638,'\0'),(31207,70,443,1638,'\0'),(31208,65,442,1638,'\0'),(31209,40,480,1500,'\0'),(31210,312,492,1495,'\0'),(31211,130,417,1622,'\0'),(31212,20,485,1425,'\0'),(31213,210,447,1675,'\0'),(31214,110,443,1675,'\0'),(31215,55,456,1638,'\0'),(31216,125,448,1675,'\0'),(31217,150,445,1675,'\0'),(31218,23,425,1381,'\0'),(31219,44,454,1638,'\0'),(31220,190,455,1638,'\0'),(31221,70,442,1675,'\0'),(31222,312,492,1682,'\0'),(31223,104,402,1563,'\0'),(31224,10,425,1638,'\0'),(31225,20,460,1655,'\0'),(31226,37,461,1655,'\0'),(31227,217,489,1596,'\0'),(31228,290,453,1431,'\0'),(31229,70,448,1381,'\0'),(31230,10,444,1588,'\0'),(31231,170,447,1381,'\0'),(31232,20,485,1505,'\0'),(31233,104,427,1654,'\0'),(31234,20,472,1456,'\0'),(31235,4,469,1414,'\0'),(31236,386,437,1489,'\0'),(31237,4,469,1429,'\0'),(31238,18,462,1563,'\0'),(31239,44,459,1563,'\0'),(31240,20,460,1563,'\0'),(31241,265,453,1629,'\0'),(31242,123,417,1633,'\0'),(31243,60,456,1675,'\0'),(31244,7.5,444,1544,'\0'),(31245,20,485,1532,'\0'),(31246,52,454,1675,'\0'),(31247,20,485,1675,'\0'),(31248,535,437,1429,'\0'),(31249,220,455,1675,'\0'),(31250,37,461,1563,'\0'),(31251,40,480,1584,'\0'),(31252,15,425,1675,'\0'),(31253,160,439,1441,'\0'),(31254,165,492,1404,'\0'),(31255,104,402,1655,'\0'),(31256,280,453,1687,'\0'),(31257,10,480,1509,'\0'),(31258,20,468,1465,'\0'),(31259,235,453,1512,'\0'),(31260,47,461,1439,'\0'),(31261,450,437,1413,'\0'),(31262,10,437,1419,'\0'),(31263,20,485,1494,'\0'),(31264,52,461,1473,'\0'),(31265,200,447,1624,'\0'),(31266,20,449,1480,'\0'),(31267,40,480,1426,'\0'),(31268,207,487,1647,'\0'),(31269,11,444,1658,'\0'),(31270,310,417,1682,'\0'),(31271,207,484,1505,'\0'),(31272,240,453,1358,'\0'),(31273,290,466,1555,'\0'),(31274,280,453,1540,'\0'),(31275,130,455,1624,'\0'),(31276,35,459,1525,'\0'),(31277,57,408,1357,'\0'),(31278,35,454,1624,'\0'),(31279,425,453,1469,'\0'),(31280,9,444,1550,'\0'),(31281,130,417,1445,'\0'),(31282,57,408,1680,'\0'),(31283,20,425,1624,'\0'),(31284,200,417,1452,'\0'),(31285,60,442,1624,'\0'),(31286,119,432,1434,'\0'),(31287,237,423,1451,'\0'),(31288,20,457,1429,'\0'),(31289,40,480,1392,'\0'),(31290,20,458,1426,'\0'),(31291,130,443,1624,'\0'),(31292,158,448,1624,'\0'),(31293,3,491,1417,'\0'),(31294,55,456,1624,'\0'),(31295,237,423,1493,'\0'),(31296,470,453,1441,'\0'),(31297,365,453,1438,'\0'),(31298,49,467,1532,'\0'),(31299,20,480,1396,'\0'),(31300,470,453,1459,'\0'),(31301,60,430,1624,'\0'),(31302,11,444,1362,'\0'),(31303,20,485,1381,'\0'),(31304,50,461,1588,'\0'),(31305,20,485,1448,'\0'),(31306,123,417,1671,'\0'),(31307,416,437,1453,'\0'),(31308,480,437,1608,'\0'),(31309,360,453,1594,'\0'),(31310,61,413,1639,'\0'),(31311,20,485,1461,'\0'),(31312,72,426,1465,'\0'),(31313,18,462,1457,'\0'),(31314,20,480,1440,'\0'),(31315,47,461,1484,'\0'),(31316,76,407,1602,'\0'),(31317,40,480,1474,'\0'),(31318,18,462,1460,'\0'),(31319,160,439,1641,'\0'),(31320,378,453,1490,'\0'),(31321,7.5,444,1478,'\0'),(31322,10,490,1578,'\0'),(31323,217,486,1593,'\0'),(31324,20,461,1403,'\0'),(31325,10,444,1443,'\0'),(31326,6,444,1390,'\0'),(31327,10,490,1544,'\0'),(31328,15,490,1487,'\0'),(31329,44,454,1657,'\0'),(31330,190,455,1657,'\0'),(31331,55,456,1657,'\0'),(31332,375,495,1411,'\0'),(31333,75,443,1657,'\0'),(31334,115,445,1657,'\0'),(31335,392,495,1402,'\0'),(31336,40,494,1515,'\0'),(31337,75.5,461,1478,'\0'),(31338,410,453,1370,'\0'),(31339,200,447,1657,'\0'),(31340,10,490,1594,'\0'),(31341,125,448,1657,'\0'),(31342,160,439,1591,'\0'),(31343,65,442,1657,'\0'),(31344,20,467,1679,'\0'),(31345,7.5,444,1439,'\0'),(31346,49,474,1624,'\0'),(31347,10,490,1504,'\0'),(31348,10,425,1657,'\0'),(31349,133,417,1488,'\0'),(31350,37,461,1658,'\0'),(31351,50,459,1649,'\0'),(31352,20,460,1649,'\0'),(31353,130,417,1570,'\0'),(31354,92,428,1405,'\0'),(31355,51,459,1600,'\0'),(31356,20,460,1600,'\0'),(31357,470,453,1628,'\0'),(31358,4,469,1361,'\0'),(31359,400,437,1440,'\0'),(31360,6,469,1663,'\0'),(31361,105,495,1579,'\0'),(31362,160,439,1632,'\0'),(31363,150,437,1579,'\0'),(31364,4,469,1523,'\0'),(31365,20,485,1525,'\0'),(31366,40,494,1522,'\0'),(31367,15,490,1370,'\0'),(31368,20,472,1680,'\0'),(31369,245,453,1655,'\0'),(31370,50,461,1590,'\0'),(31371,365,453,1353,'\0'),(31372,4,469,1562,'\0'),(31373,20,449,1641,'\0'),(31374,40,480,1665,'\0'),(31375,110,429,1425,'\0'),(31376,18,425,1405,'\0'),(31377,200,447,1401,'\0'),(31378,130,443,1401,'\0'),(31379,158,448,1401,'\0'),(31380,10,444,1606,'\0'),(31381,60,442,1401,'\0'),(31382,55,456,1401,'\0'),(31383,60,456,1405,'\0'),(31384,52,454,1405,'\0'),(31385,220,455,1405,'\0'),(31386,70,442,1405,'\0'),(31387,35,454,1401,'\0'),(31388,130,455,1401,'\0'),(31389,210,447,1405,'\0'),(31390,70,448,1405,'\0'),(31391,60,430,1401,'\0'),(31392,110,443,1405,'\0'),(31393,150,445,1405,'\0'),(31394,20,425,1401,'\0'),(31395,335,453,1544,'\0'),(31396,312,492,1630,'\0'),(31397,90,440,1393,'\0'),(31398,10,490,1378,'\0'),(31399,290,466,1545,'\0'),(31400,255,453,1481,'\0'),(31401,104,427,1659,'\0'),(31402,55,456,1625,'\0'),(31403,20,485,1649,'\0'),(31404,190,455,1625,'\0'),(31405,44,454,1625,'\0'),(31406,207,483,1500,'\0'),(31407,6,469,1646,'\0'),(31408,10,425,1625,'\0'),(31409,10,444,1590,'\0'),(31410,40,480,1413,'\0'),(31411,52,454,1418,'\0'),(31412,220,455,1418,'\0'),(31413,20,485,1571,'\0'),(31414,5,480,1419,'\0'),(31415,483,437,1384,'\0'),(31416,15,425,1418,'\0'),(31417,70,442,1418,'\0'),(31418,9,444,1687,'\0'),(31419,150,445,1418,'\0'),(31420,60,456,1418,'\0'),(31421,20,449,1632,'\0'),(31422,156,447,1625,'\0'),(31423,80,443,1625,'\0'),(31424,115,445,1625,'\0'),(31425,210,447,1418,'\0'),(31426,65,448,1418,'\0'),(31427,10,444,1517,'\0'),(31428,65,442,1625,'\0'),(31429,110,443,1418,'\0'),(31430,10,490,1490,'\0'),(31431,76,407,1382,'\0'),(31432,217,486,1435,'\0'),(31433,10,490,1444,'\0'),(31434,52,461,1517,'\0'),(31435,238,492,1559,'\0'),(31436,373,437,1435,'\0'),(31437,373,437,1396,'\0'),(31438,89,404,1376,'\0'),(31439,10,444,1473,'\0'),(31440,60,480,1485,'\0'),(31441,483,437,1494,'\0'),(31442,270,453,1488,'\0'),(31443,7,469,1389,'\0'),(31444,10,444,1552,'\0'),(31445,10,490,1535,'\0'),(31446,325,453,1422,'\0'),(31447,350,437,1514,'\0'),(31448,72,426,1508,'\0'),(31449,49,470,1434,'\0'),(31450,115,438,1401,'\0'),(31451,200,417,1366,'\0'),(31452,11,444,1394,'\0'),(31453,139,417,1540,'\0'),(31454,20,467,1523,'\0'),(31455,145,463,1465,'\0'),(31456,15,441,1582,'\0'),(31457,312,492,1635,'\0'),(31458,483,495,1375,'\0'),(31459,170,447,1582,'\0'),(31460,125,448,1582,'\0'),(31461,6,469,1636,'\0'),(31462,7.5,444,1656,'\0'),(31463,119,434,1405,'\0'),(31464,20,485,1500,'\0'),(31465,120,438,1551,'\0'),(31466,30,461,1566,'\0'),(31467,10,490,1609,'\0'),(31468,70,421,1508,'\0'),(31469,20,425,1508,'\0'),(31470,30,425,1641,'\0'),(31471,60,430,1508,'\0'),(31472,57,408,1633,'\0'),(31473,30,461,1388,'\0'),(31474,40,480,1636,'\0'),(31475,52,461,1606,'\0'),(31476,415,453,1452,'\0'),(31477,20,485,1612,'\0'),(31478,130,443,1508,'\0'),(31479,20,457,1548,'\0'),(31480,20,458,1460,'\0'),(31481,125,448,1641,'\0'),(31482,165,447,1508,'\0'),(31483,210,447,1641,'\0'),(31484,90,448,1508,'\0'),(31485,15,441,1508,'\0'),(31486,60,442,1508,'\0'),(31487,15,490,1359,'\0'),(31488,35,454,1508,'\0'),(31489,130,455,1508,'\0'),(31490,55,456,1508,'\0'),(31491,257,453,1445,'\0'),(31492,113,417,1397,'\0'),(31493,23,425,1582,'\0'),(31494,15,441,1641,'\0'),(31495,336,495,1608,'\0'),(31496,7,469,1421,'\0'),(31497,125,448,1562,'\0'),(31498,378,453,1379,'\0'),(31499,170,447,1562,'\0'),(31500,79,410,1593,'\0'),(31501,450,437,1647,'\0'),(31502,560,437,1402,'\0'),(31503,375,495,1374,'\0'),(31504,20,485,1569,'\0'),(31505,92,431,1434,'\0'),(31506,76,406,1621,'\0'),(31507,44,454,1663,'\0'),(31508,170,446,1463,'\0'),(31509,190,455,1663,'\0'),(31510,416,437,1426,'\0'),(31511,170,446,1613,'\0'),(31512,123,417,1634,'\0'),(31513,55,456,1663,'\0'),(31514,123,417,1578,'\0'),(31515,238,492,1458,'\0'),(31516,57,408,1472,'\0'),(31517,10,425,1663,'\0'),(31518,740,437,1451,'\0'),(31519,20,485,1553,'\0'),(31520,3,491,1503,'\0'),(31521,37,461,1643,'\0'),(31522,30,461,1556,'\0'),(31523,20,485,1627,'\0'),(31524,100,417,1358,'\0'),(31525,51,459,1369,'\0'),(31526,115,445,1663,'\0'),(31527,4,469,1624,'\0'),(31528,20,460,1369,'\0'),(31529,18,462,1369,'\0'),(31530,38,459,1368,'\0'),(31531,20,460,1368,'\0'),(31532,18,462,1368,'\0'),(31533,52,461,1676,'\0'),(31534,200,447,1663,'\0'),(31535,165,492,1399,'\0'),(31536,75,443,1663,'\0'),(31537,120,448,1663,'\0'),(31538,104,427,1621,'\0'),(31539,139,417,1420,'\0'),(31540,160,439,1516,'\0'),(31541,40,480,1369,'\0'),(31542,20,444,1492,'\0'),(31543,94,424,1516,'\0'),(31544,20,479,1492,'\0'),(31545,170,499,1386,'\0'),(31546,115,438,1624,'\0'),(31547,120,448,1673,'\0'),(31548,210,447,1673,'\0'),(31549,150,445,1673,'\0'),(31550,115,443,1673,'\0'),(31551,310,417,1586,'\0'),(31552,207,483,1571,'\0'),(31553,60,456,1673,'\0'),(31554,220,455,1673,'\0'),(31555,52,454,1673,'\0'),(31556,47,461,1560,'\0'),(31557,20,449,1516,'\0'),(31558,49,467,1639,'\0'),(31559,15,425,1673,'\0'),(31560,30,461,1502,'\0'),(31561,237,414,1608,'\0'),(31562,10,444,1363,'\0'),(31563,18,462,1468,'\0'),(31564,20,480,1435,'\0'),(31565,483,437,1356,'\0'),(31566,7,469,1405,'\0'),(31567,40,480,1637,'\0'),(31568,207,484,1642,'\0'),(31569,371,495,1414,'\0'),(31570,40,480,1519,'\0'),(31571,199,417,1504,'\0'),(31572,18,462,1428,'\0'),(31573,60,430,1562,'\0'),(31574,790,437,1485,'\0'),(31575,10,490,1563,'\0'),(31576,7.5,444,1403,'\0'),(31577,23,425,1562,'\0'),(31578,20,475,1585,'\0'),(31579,75.5,461,1550,'\0'),(31580,61,448,1551,'\0'),(31581,10,490,1653,'\0'),(31582,187,417,1544,'\0'),(31583,20,485,1651,'\0'),(31584,270,453,1654,'\0'),(31585,20,460,1428,'\0'),(31586,15,441,1562,'\0'),(31587,44,459,1428,'\0'),(31588,20,468,1508,'\0'),(31589,143,417,1594,'\0'),(31590,143,417,1541,'\0'),(31591,119,434,1596,'\0'),(31592,170,447,1361,'\0'),(31593,6,469,1382,'\0'),(31594,10,444,1644,'\0'),(31595,40,480,1615,'\0'),(31596,79,410,1435,'\0'),(31597,125,448,1361,'\0'),(31598,170,452,1492,'\0'),(31599,20,485,1384,'\0'),(31600,20,467,1680,'\0'),(31601,240,417,1490,'\0'),(31602,10,490,1661,'\0'),(31603,20,480,1579,'\0'),(31604,330,492,1461,'\0'),(31605,23,425,1361,'\0'),(31606,49,467,1598,'\0'),(31607,217,489,1665,'\0'),(31608,10,490,1472,'\0'),(31609,215,453,1623,'\0'),(31610,130,417,1416,'\0'),(31611,92,431,1501,'\0'),(31612,15,425,1434,'\0'),(31613,20,467,1562,'\0'),(31614,237,414,1414,'\0'),(31615,30,425,1616,'\0'),(31616,52,454,1434,'\0'),(31617,60,456,1434,'\0'),(31618,170,499,1423,'\0'),(31619,45,443,1393,'\0'),(31620,70,448,1393,'\0'),(31621,120,447,1393,'\0'),(31622,220,455,1434,'\0'),(31623,18,462,1630,'\0'),(31624,150,445,1434,'\0'),(31625,210,447,1616,'\0'),(31626,165,448,1434,'\0'),(31627,110,443,1434,'\0'),(31628,63,426,1562,'\0'),(31629,125,448,1616,'\0'),(31630,240,447,1434,'\0'),(31631,40,480,1546,'\0'),(31632,15,441,1616,'\0'),(31633,70,442,1434,'\0'),(31634,40,480,1506,'\0'),(31635,245,453,1570,'\0'),(31636,38,459,1479,'\0'),(31637,70,421,1393,'\0'),(31638,20,460,1479,'\0'),(31639,217,488,1429,'\0'),(31640,15,425,1393,'\0'),(31641,125,448,1585,'\0'),(31642,123,417,1496,'\0'),(31643,170,447,1585,'\0'),(31644,119,434,1437,'\0'),(31645,15,441,1462,'\0'),(31646,205,453,1397,'\0'),(31647,125,448,1462,'\0'),(31648,237,414,1590,'\0'),(31649,550,437,1615,'\0'),(31650,262,453,1450,'\0'),(31651,10,444,1564,'\0'),(31652,92,428,1535,'\0'),(31653,30,425,1462,'\0'),(31654,170,499,1403,'\0'),(31655,95,445,1470,'\0'),(31656,70,443,1470,'\0'),(31657,145,447,1470,'\0'),(31658,65,442,1470,'\0'),(31659,160,455,1470,'\0'),(31660,200,492,1460,'\0'),(31661,38,454,1470,'\0'),(31662,23,425,1585,'\0'),(31663,20,467,1501,'\0'),(31664,55,456,1470,'\0'),(31665,89,404,1571,'\0'),(31666,10,425,1470,'\0'),(31667,60,480,1533,'\0'),(31668,210,447,1462,'\0'),(31669,79,409,1478,'\0'),(31670,238,492,1457,'\0'),(31671,40,480,1647,'\0'),(31672,8,469,1600,'\0'),(31673,40,480,1505,'\0'),(31674,386,437,1539,'\0'),(31675,15,441,1585,'\0'),(31676,60,480,1587,'\0'),(31677,89,404,1453,'\0'),(31678,75,443,1619,'\0'),(31679,165,448,1619,'\0'),(31680,20,473,1618,'\0'),(31681,7.5,444,1668,'\0'),(31682,10,425,1595,'\0'),(31683,115,445,1619,'\0'),(31684,15,444,1534,'\0'),(31685,10,425,1486,'\0'),(31686,65,442,1619,'\0'),(31687,6,469,1480,'\0'),(31688,280,453,1678,'\0'),(31689,125,448,1604,'\0'),(31690,38,454,1486,'\0'),(31691,40,480,1477,'\0'),(31692,55,456,1619,'\0'),(31693,210,447,1604,'\0'),(31694,180,455,1486,'\0'),(31695,55,456,1486,'\0'),(31696,190,455,1619,'\0'),(31697,44,454,1619,'\0'),(31698,310,417,1466,'\0'),(31699,18,462,1553,'\0'),(31700,20,485,1595,'\0'),(31701,200,447,1467,'\0'),(31702,10,425,1619,'\0'),(31703,70,448,1467,'\0'),(31704,5,490,1391,'\0'),(31705,50,459,1620,'\0'),(31706,115,445,1486,'\0'),(31707,18,462,1620,'\0'),(31708,200,447,1486,'\0'),(31709,70,443,1486,'\0'),(31710,20,460,1620,'\0'),(31711,120,448,1486,'\0'),(31712,61,413,1378,'\0'),(31713,35,459,1548,'\0'),(31714,80,417,1527,'\0'),(31715,8,444,1372,'\0'),(31716,10,490,1671,'\0'),(31717,139,417,1599,'\0'),(31718,230,447,1619,'\0'),(31719,690,437,1462,'\0'),(31720,15,490,1682,'\0'),(31721,386,437,1470,'\0'),(31722,237,423,1676,'\0'),(31723,79,410,1403,'\0'),(31724,9,444,1376,'\0'),(31725,79,409,1665,'\0'),(31726,94,424,1679,'\0'),(31727,4,469,1652,'\0'),(31728,119,434,1418,'\0'),(31729,40,480,1368,'\0'),(31730,410,453,1686,'\0'),(31731,483,437,1642,'\0'),(31732,240,417,1605,'\0'),(31733,416,437,1376,'\0'),(31734,290,447,1601,'\0'),(31735,4,469,1465,'\0'),(31736,560,453,1577,'\0'),(31737,500,437,1556,'\0'),(31738,10,425,1355,'\0'),(31739,207,481,1392,'\0'),(31740,416,437,1660,'\0'),(31741,15,441,1523,'\0'),(31742,95,445,1523,'\0'),(31743,89,448,1523,'\0'),(31744,60,443,1523,'\0'),(31745,183,447,1523,'\0'),(31746,49,476,1524,'\0'),(31747,416,437,1519,'\0'),(31748,12,461,1387,'\0'),(31749,10,425,1601,'\0'),(31750,416,437,1683,'\0'),(31751,20,485,1523,'\0'),(31752,10,425,1523,'\0'),(31753,70,448,1355,'\0'),(31754,20,485,1575,'\0'),(31755,200,447,1355,'\0'),(31756,70,421,1523,'\0'),(31757,10,490,1445,'\0'),(31758,300,453,1491,'\0'),(31759,20,485,1601,'\0'),(31760,40,480,1503,'\0'),(31761,217,486,1439,'\0'),(31762,22,461,1642,'\0'),(31763,92,428,1674,'\0'),(31764,50,461,1564,'\0'),(31765,518,495,1451,'\0'),(31766,65,442,1523,'\0'),(31767,160,455,1523,'\0'),(31768,38,454,1523,'\0'),(31769,55,456,1523,'\0'),(31770,12,461,1376,'\0'),(31771,350,453,1391,'\0'),(31772,120,417,1524,'\0'),(31773,20,472,1563,'\0'),(31774,20,475,1582,'\0'),(31775,90,440,1524,'\0'),(31776,170,452,1566,'\0'),(31777,45,453,1576,'\0'),(31778,55,456,1660,'\0'),(31779,38,454,1660,'\0'),(31780,180,455,1660,'\0'),(31781,52,461,1493,'\0'),(31782,20,485,1467,'\0'),(31783,20,461,1423,'\0'),(31784,200,417,1573,'\0'),(31785,650,437,1355,'\0'),(31786,247,453,1472,'\0'),(31787,790,437,1616,'\0'),(31788,20,485,1642,'\0'),(31789,10,425,1660,'\0'),(31790,70,421,1660,'\0'),(31791,740,437,1604,'\0'),(31792,310,417,1686,'\0'),(31793,145,463,1410,'\0'),(31794,20,449,1646,'\0'),(31795,217,489,1675,'\0'),(31796,10,444,1664,'\0'),(31797,30,461,1412,'\0'),(31798,518,495,1587,'\0'),(31799,20,457,1510,'\0'),(31800,553,495,1616,'\0'),(31801,8,444,1561,'\0'),(31802,37,461,1394,'\0'),(31803,44,459,1456,'\0'),(31804,438,453,1557,'\0'),(31805,20,460,1456,'\0'),(31806,10,490,1452,'\0'),(31807,7.5,444,1423,'\0'),(31808,10,490,1434,'\0'),(31809,10,490,1570,'\0'),(31810,40,480,1414,'\0'),(31811,4,469,1598,'\0'),(31812,18,462,1456,'\0'),(31813,89,404,1426,'\0'),(31814,20,485,1660,'\0'),(31815,207,483,1637,'\0'),(31816,270,453,1618,'\0'),(31817,51,459,1627,'\0'),(31818,20,475,1562,'\0'),(31819,10,490,1621,'\0'),(31820,20,460,1627,'\0'),(31821,312,492,1603,'\0'),(31822,4,469,1680,'\0'),(31823,10,425,1467,'\0'),(31824,20,485,1352,'\0'),(31825,120,438,1582,'\0'),(31826,207,481,1396,'\0'),(31827,130,417,1645,'\0'),(31828,20,461,1476,'\0'),(31829,40,480,1629,'\0'),(31830,355,453,1363,'\0'),(31831,237,423,1644,'\0'),(31832,40,480,1406,'\0'),(31833,170,499,1384,'\0'),(31834,690,437,1375,'\0'),(31835,10,425,1352,'\0'),(31836,200,447,1660,'\0'),(31837,104,427,1638,'\0'),(31838,15,490,1516,'\0'),(31839,115,445,1660,'\0'),(31840,89,448,1660,'\0'),(31841,60,443,1660,'\0'),(31842,65,442,1660,'\0'),(31843,10,490,1397,'\0'),(31844,300,453,1497,'\0'),(31845,40,480,1499,'\0'),(31846,980,437,1538,'\0'),(31847,70,448,1352,'\0'),(31848,200,447,1352,'\0'),(31849,20,467,1456,'\0'),(31850,60,480,1635,'\0'),(31851,20,485,1462,'\0'),(31852,20,467,1508,'\0'),(31853,20,425,1410,'\0'),(31854,60,430,1410,'\0'),(31855,207,481,1376,'\0'),(31856,170,452,1502,'\0'),(31857,70,421,1410,'\0'),(31858,10,425,1395,'\0'),(31859,470,453,1644,'\0'),(31860,133,417,1380,'\0'),(31861,20,485,1411,'\0'),(31862,493,453,1466,'\0'),(31863,70,421,1535,'\0'),(31864,7,469,1369,'\0'),(31865,160,439,1580,'\0'),(31866,120,438,1684,'\0'),(31867,10,444,1676,'\0'),(31868,550,437,1500,'\0'),(31869,170,446,1379,'\0'),(31870,535,437,1411,'\0'),(31871,416,437,1656,'\0'),(31872,312,492,1686,'\0'),(31873,79,410,1395,'\0'),(31874,10,490,1610,'\0'),(31875,70,442,1535,'\0'),(31876,30,425,1632,'\0'),(31877,217,482,1506,'\0'),(31878,37,461,1356,'\0'),(31879,373,437,1395,'\0'),(31880,110,443,1535,'\0'),(31881,60,430,1411,'\0'),(31882,89,448,1535,'\0'),(31883,20,425,1411,'\0'),(31884,150,445,1535,'\0'),(31885,15,425,1535,'\0'),(31886,130,455,1411,'\0'),(31887,35,454,1411,'\0'),(31888,55,456,1411,'\0'),(31889,60,456,1535,'\0'),(31890,20,485,1593,'\0'),(31891,220,455,1535,'\0'),(31892,52,454,1535,'\0'),(31893,790,437,1493,'\0'),(31894,378,453,1471,'\0'),(31895,60,442,1411,'\0'),(31896,9,444,1675,'\0'),(31897,15,441,1411,'\0'),(31898,210,447,1632,'\0'),(31899,125,448,1632,'\0'),(31900,170,453,1527,'\0'),(31901,130,443,1410,'\0'),(31902,130,443,1411,'\0'),(31903,90,448,1410,'\0'),(31904,70,448,1411,'\0'),(31905,165,447,1410,'\0'),(31906,165,447,1411,'\0'),(31907,15,441,1632,'\0'),(31908,60,442,1410,'\0'),(31909,210,447,1535,'\0'),(31910,4,469,1442,'\0'),(31911,4,469,1457,'\0'),(31912,195,417,1438,'\0'),(31913,55,456,1410,'\0'),(31914,237,423,1485,'\0'),(31915,40,480,1429,'\0'),(31916,130,455,1410,'\0'),(31917,35,454,1410,'\0'),(31918,115,438,1417,'\0'),(31919,123,417,1631,'\0'),(31920,10,444,1353,'\0'),(31921,10,490,1438,'\0'),(31922,238,492,1584,'\0'),(31923,20,485,1402,'\0'),(31924,49,450,1532,'\0'),(31925,207,487,1658,'\0'),(31926,10,444,1451,'\0'),(31927,217,482,1546,'\0'),(31928,145,463,1508,'\0'),(31929,15.5,444,1505,'\0'),(31930,119,434,1511,'\0'),(31931,10,498,1566,'\0'),(31932,20,485,1395,'\0'),(31933,10,444,1459,'\0'),(31934,10,490,1640,'\0'),(31935,79,410,1396,'\0'),(31936,20,472,1669,'\0'),(31937,200,492,1612,'\0'),(31938,30,461,1492,'\0'),(31939,120,438,1610,'\0'),(31940,280,453,1558,'\0'),(31941,207,483,1356,'\0'),(31942,40,480,1622,'\0'),(31943,207,487,1683,'\0'),(31944,250,447,1565,'\0'),(31945,250,492,1366,'\0'),(31946,240,417,1584,'\0'),(31947,52,461,1364,'\0'),(31948,20,485,1493,'\0'),(31949,9,444,1558,'\0'),(31950,20,467,1465,'\0'),(31951,217,482,1550,'\0'),(31952,20,460,1513,'\0'),(31953,18,462,1513,'\0'),(31954,373,437,1593,'\0'),(31955,105,495,1430,'\0'),(31956,70,448,1565,'\0'),(31957,30,425,1565,'\0'),(31958,320,453,1658,'\0'),(31959,6,469,1611,'\0'),(31960,40,456,1395,'\0'),(31961,10,490,1573,'\0'),(31962,38,454,1395,'\0'),(31963,44,459,1513,'\0'),(31964,150,455,1395,'\0'),(31965,200,447,1395,'\0'),(31966,165,448,1395,'\0'),(31967,65,443,1395,'\0'),(31968,10,490,1408,'\0'),(31969,95,445,1395,'\0'),(31970,20,479,1566,'\0'),(31971,45,442,1395,'\0'),(31972,40,480,1608,'\0'),(31973,115,438,1503,'\0'),(31974,290,492,1575,'\0'),(31975,89,404,1660,'\0'),(31976,7.5,444,1484,'\0'),(31977,217,418,1552,'\0'),(31978,10,490,1405,'\0'),(31979,10,490,1488,'\0'),(31980,8,444,1388,'\0'),(31981,60,442,1465,'\0'),(31982,15,441,1465,'\0'),(31983,305,453,1552,'\0'),(31984,310,417,1603,'\0'),(31985,120,438,1404,'\0'),(31986,130,443,1465,'\0'),(31987,70,448,1465,'\0'),(31988,165,447,1465,'\0'),(31989,165,492,1518,'\0'),(31990,7,469,1674,'\0'),(31991,20,467,1442,'\0'),(31992,553,495,1485,'\0'),(31993,47,461,1668,'\0'),(31994,70,443,1442,'\0'),(31995,125,448,1442,'\0'),(31996,375,495,1401,'\0'),(31997,130,455,1465,'\0'),(31998,183,447,1442,'\0'),(31999,35,454,1465,'\0'),(32000,15,441,1442,'\0'),(32001,95,445,1442,'\0'),(32002,55,456,1465,'\0'),(32003,20,485,1507,'\0'),(32004,143,417,1386,'\0'),(32005,65,442,1442,'\0'),(32006,6,469,1679,'\0'),(32007,20,460,1365,'\0'),(32008,10,490,1380,'\0'),(32009,60,430,1465,'\0'),(32010,20,425,1465,'\0'),(32011,10,490,1540,'\0'),(32012,550,437,1467,'\0'),(32013,15,425,1482,'\0'),(32014,10,490,1420,'\0'),(32015,330,453,1543,'\0'),(32016,38,459,1365,'\0'),(32017,40,480,1514,'\0'),(32018,4,469,1518,'\0'),(32019,133,417,1621,'\0'),(32020,10,490,1645,'\0'),(32021,40,480,1417,'\0'),(32022,47,461,1656,'\0'),(32023,20,467,1369,'\0'),(32024,310,417,1516,'\0'),(32025,92,428,1504,'\0'),(32026,35,459,1515,'\0'),(32027,237,423,1449,'\0'),(32028,20,444,1502,'\0'),(32029,139,417,1498,'\0'),(32030,6,469,1456,'\0'),(32031,500,437,1448,'\0'),(32032,10,490,1624,'\0'),(32033,20,485,1478,'\0'),(32034,18,462,1650,'\0'),(32035,89,404,1656,'\0'),(32036,7.5,444,1422,'\0'),(32037,20,460,1650,'\0'),(32038,30,461,1509,'\0'),(32039,44,459,1650,'\0'),(32040,20,485,1588,'\0'),(32041,386,437,1665,'\0'),(32042,70,448,1482,'\0'),(32043,30,425,1604,'\0'),(32044,20,485,1453,'\0'),(32045,150,447,1482,'\0'),(32046,20,485,1470,'\0'),(32047,5,490,1358,'\0'),(32048,20,485,1428,'\0'),(32049,61,413,1442,'\0'),(32050,18,462,1584,'\0'),(32051,20,460,1651,'\0'),(32052,50,459,1651,'\0'),(32053,55,456,1442,'\0'),(32054,195,417,1434,'\0'),(32055,5,490,1618,'\0'),(32056,160,455,1442,'\0'),(32057,38,454,1442,'\0'),(32058,10,425,1442,'\0'),(32059,133,417,1609,'\0'),(32060,416,437,1571,'\0'),(32061,237,423,1473,'\0'),(32062,13,425,1453,'\0'),(32063,7.5,444,1435,'\0'),(32064,20,467,1428,'\0'),(32065,40,480,1681,'\0'),(32066,20,485,1604,'\0'),(32067,180,455,1453,'\0'),(32068,38,454,1453,'\0'),(32069,38,459,1523,'\0'),(32070,18,462,1523,'\0'),(32071,55,456,1453,'\0'),(32072,20,460,1523,'\0'),(32073,11,444,1371,'\0'),(32074,76,406,1544,'\0'),(32075,65,442,1453,'\0'),(32076,20,479,1502,'\0'),(32077,37,461,1500,'\0'),(32078,115,445,1453,'\0'),(32079,5,490,1524,'\0'),(32080,52,461,1644,'\0'),(32081,70,448,1453,'\0'),(32082,30,461,1363,'\0'),(32083,60,443,1453,'\0'),(32084,553,495,1449,'\0'),(32085,200,447,1453,'\0'),(32086,170,417,1391,'\0'),(32087,18,462,1507,'\0'),(32088,4,469,1618,'\0'),(32089,40,480,1687,'\0'),(32090,237,423,1664,'\0'),(32091,20,461,1384,'\0'),(32092,217,488,1412,'\0'),(32093,5,490,1554,'\0'),(32094,980,495,1538,'\0'),(32095,40,480,1639,'\0'),(32096,7.5,444,1413,'\0'),(32097,330,492,1601,'\0'),(32098,10,490,1605,'\0'),(32099,20,467,1513,'\0'),(32100,52,461,1628,'\0'),(32101,320,453,1639,'\0'),(32102,92,431,1600,'\0'),(32103,47,461,1531,'\0'),(32104,493,453,1480,'\0'),(32105,20,485,1498,'\0'),(32106,20,485,1599,'\0'),(32107,15,490,1447,'\0'),(32108,15,425,1494,'\0'),(32109,160,439,1688,'\0'),(32110,50,459,1507,'\0'),(32111,50,454,1494,'\0'),(32112,20,460,1507,'\0'),(32113,200,455,1494,'\0'),(32114,170,499,1476,'\0'),(32115,60,456,1494,'\0'),(32116,20,458,1566,'\0'),(32117,200,492,1452,'\0'),(32118,240,417,1559,'\0'),(32119,150,445,1494,'\0'),(32120,100,443,1494,'\0'),(32121,120,448,1494,'\0'),(32122,217,478,1484,'\0'),(32123,40,480,1484,'\0'),(32124,210,447,1494,'\0'),(32125,10,490,1599,'\0'),(32126,104,427,1546,'\0'),(32127,10,444,1628,'\0'),(32128,120,438,1564,'\0'),(32129,20,485,1373,'\0'),(32130,10,490,1389,'\0'),(32131,312,492,1611,'\0'),(32132,10,444,1608,'\0'),(32133,7,469,1535,'\0'),(32134,900,437,1443,'\0'),(32135,483,437,1550,'\0'),(32136,170,499,1420,'\0'),(32137,40,480,1543,'\0'),(32138,10,425,1578,'\0'),(32139,160,455,1578,'\0'),(32140,49,450,1525,'\0'),(32141,265,453,1484,'\0'),(32142,38,454,1578,'\0'),(32143,139,417,1670,'\0'),(32144,55,456,1578,'\0'),(32145,52,461,1648,'\0'),(32146,371,495,1471,'\0'),(32147,518,495,1591,'\0'),(32148,20,485,1657,'\0'),(32149,535,437,1417,'\0'),(32150,35,459,1465,'\0'),(32151,65,442,1578,'\0'),(32152,20,485,1565,'\0'),(32153,18,462,1465,'\0'),(32154,95,445,1578,'\0'),(32155,70,443,1578,'\0'),(32156,64,448,1578,'\0'),(32157,183,447,1578,'\0'),(32158,6,469,1513,'\0'),(32159,450,437,1625,'\0'),(32160,79,409,1561,'\0'),(32161,10,490,1507,'\0'),(32162,6,469,1661,'\0'),(32163,40,480,1659,'\0'),(32164,50,461,1608,'\0'),(32165,416,437,1439,'\0'),(32166,15,490,1614,'\0'),(32167,61,448,1402,'\0'),(32168,295,453,1680,'\0'),(32169,49,470,1504,'\0'),(32170,60,480,1495,'\0'),(32171,10,453,1432,'\0'),(32172,10,425,1461,'\0'),(32173,340,453,1421,'\0'),(32174,60,480,1591,'\0'),(32175,5,490,1482,'\0'),(32176,150,437,1388,'\0'),(32177,15,444,1623,'\0'),(32178,20,485,1405,'\0'),(32179,450,437,1638,'\0'),(32180,4,469,1378,'\0'),(32181,290,447,1461,'\0'),(32182,6,469,1545,'\0'),(32183,25,425,1525,'\0'),(32184,900,437,1681,'\0'),(32185,146,417,1508,'\0'),(32186,130,455,1525,'\0'),(32187,35,454,1525,'\0'),(32188,18,462,1599,'\0'),(32189,20,460,1599,'\0'),(32190,52,461,1441,'\0'),(32191,51,459,1599,'\0'),(32192,40,480,1566,'\0'),(32193,15,490,1565,'\0'),(32194,85,405,1649,'\0'),(32195,7.5,444,1665,'\0'),(32196,35,459,1508,'\0'),(32197,12,461,1385,'\0'),(32198,18,462,1508,'\0'),(32199,11,444,1356,'\0'),(32200,15,490,1589,'\0'),(32201,4,469,1472,'\0'),(32202,74,426,1518,'\0'),(32203,76,407,1570,'\0'),(32204,135,417,1620,'\0'),(32205,20,485,1624,'\0'),(32206,119,432,1387,'\0'),(32207,373,437,1403,'\0'),(32208,20,461,1413,'\0'),(32209,20,461,1437,'\0'),(32210,158,448,1525,'\0'),(32211,350,443,1525,'\0'),(32212,40,480,1471,'\0'),(32213,119,432,1371,'\0'),(32214,20,471,1609,'\0'),(32215,15,425,1596,'\0'),(32216,20,467,1457,'\0'),(32217,160,439,1604,'\0'),(32218,60,456,1596,'\0'),(32219,518,495,1676,'\0'),(32220,220,455,1596,'\0'),(32221,6,469,1650,'\0'),(32222,89,404,1629,'\0'),(32223,52,454,1596,'\0'),(32224,217,486,1615,'\0'),(32225,290,466,1541,'\0'),(32226,15,459,1565,'\0'),(32227,20,480,1430,'\0'),(32228,104,427,1668,'\0'),(32229,4,469,1479,'\0'),(32230,18,462,1565,'\0'),(32231,23,425,1612,'\0'),(32232,6,469,1428,'\0'),(32233,6,469,1630,'\0'),(32234,30,461,1415,'\0'),(32235,18,462,1466,'\0'),(32236,120,417,1626,'\0'),(32237,583,437,1673,'\0'),(32238,10,490,1498,'\0'),(32239,10,490,1465,'\0'),(32240,60,480,1517,'\0'),(32241,30,425,1455,'\0'),(32242,10,425,1645,'\0'),(32243,76,406,1456,'\0'),(32244,70,421,1645,'\0'),(32245,79,409,1539,'\0'),(32246,4,469,1365,'\0'),(32247,170,447,1612,'\0'),(32248,70,448,1612,'\0'),(32249,312,492,1646,'\0'),(32250,415,453,1584,'\0'),(32251,55,456,1645,'\0'),(32252,238,492,1361,'\0'),(32253,190,455,1645,'\0'),(32254,44,454,1645,'\0'),(32255,200,447,1645,'\0'),(32256,518,495,1568,'\0'),(32257,40,480,1602,'\0'),(32258,125,448,1455,'\0'),(32259,65,443,1645,'\0'),(32260,10,444,1441,'\0'),(32261,89,448,1645,'\0'),(32262,210,447,1455,'\0'),(32263,20,480,1357,'\0'),(32264,115,445,1645,'\0'),(32265,65,442,1645,'\0'),(32266,237,423,1375,'\0'),(32267,10,490,1631,'\0'),(32268,92,431,1438,'\0'),(32269,10,490,1510,'\0'),(32270,15,441,1455,'\0'),(32271,373,437,1360,'\0'),(32272,22,461,1623,'\0'),(32273,79,410,1481,'\0'),(32274,4,469,1468,'\0'),(32275,23,425,1573,'\0'),(32276,160,439,1648,'\0'),(32277,450,437,1659,'\0'),(32278,560,453,1515,'\0'),(32279,235,453,1496,'\0'),(32280,70,448,1573,'\0'),(32281,35,459,1522,'\0'),(32282,583,437,1394,'\0'),(32283,63,426,1457,'\0'),(32284,2,464,1549,'\0'),(32285,160,439,1616,'\0'),(32286,40,480,1556,'\0'),(32287,47,461,1481,'\0'),(32288,295,453,1429,'\0'),(32289,146,417,1465,'\0'),(32290,37,461,1371,'\0'),(32291,170,417,1482,'\0'),(32292,18,462,1575,'\0'),(32293,15,459,1575,'\0'),(32294,70,442,1596,'\0'),(32295,35,459,1510,'\0'),(32296,125,448,1596,'\0'),(32297,210,447,1596,'\0'),(32298,200,447,1573,'\0'),(32299,150,445,1596,'\0'),(32300,115,443,1596,'\0'),(32301,373,437,1685,'\0'),(32302,310,453,1672,'\0'),(32303,18,462,1510,'\0'),(32304,10,444,1557,'\0'),(32305,300,453,1674,'\0'),(32306,375,495,1417,'\0'),(32307,125,448,1688,'\0'),(32308,20,458,1421,'\0'),(32309,210,447,1688,'\0'),(32310,160,439,1364,'\0'),(32311,20,485,1603,'\0'),(32312,217,486,1539,'\0'),(32313,160,439,1455,'\0'),(32314,119,434,1394,'\0'),(32315,20,485,1641,'\0'),(32316,7,469,1620,'\0'),(32317,30,461,1379,'\0'),(32318,15,490,1603,'\0'),(32319,20,485,1551,'\0'),(32320,7.5,444,1426,'\0'),(32321,82,417,1618,'\0'),(32322,217,488,1374,'\0'),(32323,44,454,1563,'\0'),(32324,190,455,1563,'\0'),(32325,10,490,1559,'\0'),(32326,40,480,1464,'\0'),(32327,20,485,1580,'\0'),(32328,35,459,1532,'\0'),(32329,583,437,1418,'\0'),(32330,120,438,1402,'\0'),(32331,10,425,1563,'\0'),(32332,20,485,1386,'\0'),(32333,20,480,1372,'\0'),(32334,44,459,1542,'\0'),(32335,20,460,1542,'\0'),(32336,9,444,1678,'\0'),(32337,310,417,1630,'\0'),(32338,23,425,1569,'\0'),(32339,65,448,1563,'\0'),(32340,200,447,1563,'\0'),(32341,30,425,1688,'\0'),(32342,115,445,1563,'\0'),(32343,18,462,1436,'\0'),(32344,10,490,1562,'\0'),(32345,65,443,1563,'\0'),(32346,65,442,1563,'\0'),(32347,125,448,1569,'\0'),(32348,15,441,1563,'\0'),(32349,55,456,1563,'\0'),(32350,575,453,1566,'\0'),(32351,40,480,1443,'\0'),(32352,20,485,1631,'\0'),(32353,10,425,1444,'\0'),(32354,37,461,1647,'\0'),(32355,133,417,1640,'\0'),(32356,70,492,1527,'\0'),(32357,70,421,1627,'\0'),(32358,143,417,1535,'\0'),(32359,15,425,1627,'\0'),(32360,10,444,1440,'\0'),(32361,20,485,1399,'\0'),(32362,220,455,1627,'\0'),(32363,52,454,1627,'\0'),(32364,200,447,1444,'\0'),(32365,60,456,1627,'\0'),(32366,70,448,1444,'\0'),(32367,790,437,1449,'\0'),(32368,50,415,1598,'\0'),(32369,70,442,1627,'\0'),(32370,690,437,1517,'\0'),(32371,15,425,1651,'\0'),(32372,150,445,1627,'\0'),(32373,493,453,1679,'\0'),(32374,110,443,1627,'\0'),(32375,70,421,1651,'\0'),(32376,89,448,1627,'\0'),(32377,210,447,1627,'\0'),(32378,20,485,1619,'\0'),(32379,7.5,444,1531,'\0'),(32380,170,499,1352,'\0'),(32381,60,456,1651,'\0'),(32382,18,462,1442,'\0'),(32383,217,433,1503,'\0'),(32384,20,460,1442,'\0'),(32385,250,492,1436,'\0'),(32386,50,454,1651,'\0'),(32387,38,459,1442,'\0'),(32388,200,455,1651,'\0'),(32389,10,490,1663,'\0'),(32390,79,410,1560,'\0'),(32391,550,437,1499,'\0'),(32392,237,423,1606,'\0'),(32393,450,437,1423,'\0'),(32394,160,439,1462,'\0'),(32395,20,467,1650,'\0'),(32396,10,490,1523,'\0'),(32397,20,480,1360,'\0'),(32398,38,459,1634,'\0'),(32399,10,444,1613,'\0'),(32400,40,480,1409,'\0'),(32401,20,460,1634,'\0'),(32402,10,490,1670,'\0'),(32403,433,453,1495,'\0'),(32404,4,469,1585,'\0'),(32405,20,485,1475,'\0'),(32406,135,417,1507,'\0'),(32407,237,423,1441,'\0'),(32408,20,477,1431,'\0'),(32409,295,453,1548,'\0'),(32410,79,409,1637,'\0'),(32411,20,460,1640,'\0'),(32412,483,437,1687,'\0'),(32413,44,459,1640,'\0'),(32414,6,469,1487,'\0'),(32415,20,485,1582,'\0'),(32416,20,485,1483,'\0'),(32417,690,437,1533,'\0'),(32418,207,487,1561,'\0'),(32419,70,461,1579,'\0'),(32420,10,444,1463,'\0'),(32421,65,442,1609,'\0'),(32422,200,447,1595,'\0'),(32423,75.5,461,1546,'\0'),(32424,535,437,1412,'\0'),(32425,9,444,1497,'\0'),(32426,55,456,1609,'\0'),(32427,20,485,1677,'\0'),(32428,190,455,1609,'\0'),(32429,44,454,1609,'\0'),(32430,89,404,1519,'\0'),(32431,338,417,1522,'\0'),(32432,200,447,1609,'\0'),(32433,312,492,1466,'\0'),(32434,50,459,1389,'\0'),(32435,9,444,1521,'\0'),(32436,160,439,1449,'\0'),(32437,18,462,1554,'\0'),(32438,80,443,1609,'\0'),(32439,20,485,1434,'\0'),(32440,125,448,1609,'\0'),(32441,15,441,1609,'\0'),(32442,416,437,1629,'\0'),(32443,115,445,1609,'\0'),(32444,8,469,1438,'\0'),(32445,4,469,1508,'\0'),(32446,325,453,1602,'\0'),(32447,8,444,1396,'\0'),(32448,312,492,1487,'\0'),(32449,123,417,1442,'\0'),(32450,10,425,1609,'\0'),(32451,115,438,1412,'\0'),(32452,37,461,1637,'\0'),(32453,6,469,1424,'\0'),(32454,301,495,1684,'\0'),(32455,217,489,1654,'\0'),(32456,10,490,1354,'\0'),(32457,740,437,1473,'\0'),(32458,47,461,1615,'\0'),(32459,535,437,1401,'\0'),(32460,320,453,1357,'\0'),(32461,530,437,1590,'\0'),(32462,110,429,1643,'\0'),(32463,20,467,1559,'\0'),(32464,60,480,1451,'\0'),(32465,300,453,1446,'\0'),(32466,300,453,1383,'\0'),(32467,15,441,1516,'\0'),(32468,210,447,1516,'\0'),(32469,125,448,1516,'\0'),(32470,15,425,1669,'\0'),(32471,70,421,1669,'\0'),(32472,375,495,1503,'\0'),(32473,37,461,1499,'\0'),(32474,386,437,1407,'\0'),(32475,20,467,1522,'\0'),(32476,7.5,444,1539,'\0'),(32477,133,417,1428,'\0'),(32478,150,492,1554,'\0'),(32479,20,485,1671,'\0'),(32480,20,480,1560,'\0'),(32481,310,417,1589,'\0'),(32482,220,417,1436,'\0'),(32483,200,447,1621,'\0'),(32484,18,462,1431,'\0'),(32485,10,490,1549,'\0'),(32486,237,423,1517,'\0'),(32487,15,490,1601,'\0'),(32488,9,444,1615,'\0'),(32489,89,448,1489,'\0'),(32490,55,456,1621,'\0'),(32491,60,443,1489,'\0'),(32492,95,445,1489,'\0'),(32493,238,492,1468,'\0'),(32494,4,469,1358,'\0'),(32495,44,459,1545,'\0'),(32496,20,460,1545,'\0'),(32497,65,442,1621,'\0'),(32498,80,443,1621,'\0'),(32499,125,448,1621,'\0'),(32500,115,445,1621,'\0'),(32501,183,447,1489,'\0'),(32502,10,425,1621,'\0'),(32503,238,492,1605,'\0'),(32504,89,404,1439,'\0'),(32505,190,455,1621,'\0'),(32506,20,485,1489,'\0'),(32507,237,414,1684,'\0'),(32508,44,454,1621,'\0'),(32509,70,421,1489,'\0'),(32510,240,417,1562,'\0'),(32511,10,444,1464,'\0'),(32512,217,489,1687,'\0'),(32513,47,461,1519,'\0'),(32514,207,422,1579,'\0'),(32515,10,425,1489,'\0'),(32516,450,437,1546,'\0'),(32517,55,456,1489,'\0'),(32518,38,454,1489,'\0'),(32519,160,455,1489,'\0'),(32520,217,478,1678,'\0'),(32521,65,442,1489,'\0'),(32522,312,492,1447,'\0'),(32523,40,480,1678,'\0'),(32524,30,425,1516,'\0'),(32525,20,458,1446,'\0'),(32526,38,454,1671,'\0'),(32527,20,460,1397,'\0'),(32528,20,485,1516,'\0'),(32529,310,417,1447,'\0'),(32530,150,455,1671,'\0'),(32531,38,459,1397,'\0'),(32532,146,417,1510,'\0'),(32533,518,495,1606,'\0'),(32534,10,425,1671,'\0'),(32535,10,490,1545,'\0'),(32536,18,462,1646,'\0'),(32537,20,473,1553,'\0'),(32538,20,485,1682,'\0'),(32539,10,490,1442,'\0'),(32540,7,469,1649,'\0'),(32541,15,490,1646,'\0'),(32542,76,407,1513,'\0'),(32543,483,437,1425,'\0'),(32544,238,492,1490,'\0'),(32545,37,461,1561,'\0'),(32546,535,437,1374,'\0'),(32547,10,444,1666,'\0'),(32548,50,415,1618,'\0'),(32549,66,412,1661,'\0'),(32550,130,417,1663,'\0'),(32551,57,408,1397,'\0'),(32552,110,443,1420,'\0'),(32553,90,448,1420,'\0'),(32554,38,459,1661,'\0'),(32555,150,445,1420,'\0'),(32556,20,460,1661,'\0'),(32557,15,425,1367,'\0'),(32558,200,492,1381,'\0'),(32559,165,447,1377,'\0'),(32560,30,461,1374,'\0'),(32561,300,453,1555,'\0'),(32562,47,461,1425,'\0'),(32563,70,421,1367,'\0'),(32564,20,485,1367,'\0'),(32565,210,447,1420,'\0'),(32566,170,499,1444,'\0'),(32567,72,426,1510,'\0'),(32568,95,445,1671,'\0'),(32569,235,453,1574,'\0'),(32570,65,443,1671,'\0'),(32571,10,490,1361,'\0'),(32572,125,448,1671,'\0'),(32573,45,442,1671,'\0'),(32574,250,492,1354,'\0'),(32575,40,456,1671,'\0'),(32576,10,444,1556,'\0'),(32577,15,425,1377,'\0'),(32578,20,458,1577,'\0'),(32579,60,456,1420,'\0'),(32580,89,404,1531,'\0'),(32581,52,454,1420,'\0'),(32582,220,455,1420,'\0'),(32583,110,429,1385,'\0'),(32584,20,485,1377,'\0'),(32585,20,485,1688,'\0'),(32586,15,425,1420,'\0'),(32587,183,447,1671,'\0'),(32588,217,436,1417,'\0'),(32589,40,480,1654,'\0'),(32590,15,490,1575,'\0'),(32591,4,469,1559,'\0'),(32592,170,447,1569,'\0'),(32593,70,421,1536,'\0'),(32594,310,417,1487,'\0'),(32595,22,461,1505,'\0'),(32596,13,425,1380,'\0'),(32597,125,448,1682,'\0'),(32598,10,490,1416,'\0'),(32599,7,469,1594,'\0'),(32600,210,447,1682,'\0'),(32601,20,465,1527,'\0'),(32602,15,441,1682,'\0'),(32603,40,480,1666,'\0'),(32604,20,485,1653,'\0'),(32605,52,461,1533,'\0'),(32606,40,494,1532,'\0'),(32607,237,423,1628,'\0'),(32608,55,456,1380,'\0'),(32609,60,480,1606,'\0'),(32610,190,455,1380,'\0'),(32611,44,454,1380,'\0'),(32612,30,425,1682,'\0'),(32613,200,447,1380,'\0'),(32614,52,461,1664,'\0'),(32615,25,425,1536,'\0'),(32616,65,442,1380,'\0'),(32617,305,453,1368,'\0'),(32618,312,492,1370,'\0'),(32619,115,445,1380,'\0'),(32620,30,425,1580,'\0'),(32621,35,454,1536,'\0'),(32622,70,443,1380,'\0'),(32623,130,455,1536,'\0'),(32624,5,490,1431,'\0'),(32625,70,448,1380,'\0'),(32626,130,417,1424,'\0'),(32627,8,469,1670,'\0'),(32628,217,486,1531,'\0'),(32629,18,462,1452,'\0'),(32630,11,444,1499,'\0'),(32631,6,469,1488,'\0'),(32632,15,437,1400,'\0'),(32633,90,448,1536,'\0'),(32634,350,443,1536,'\0'),(32635,3,491,1429,'\0'),(32636,119,432,1500,'\0'),(32637,220,417,1354,'\0'),(32638,40,480,1683,'\0'),(32639,210,447,1580,'\0'),(32640,60,437,1572,'\0'),(32641,20,472,1523,'\0'),(32642,125,448,1580,'\0'),(32643,44,459,1626,'\0'),(32644,20,460,1626,'\0'),(32645,6,469,1370,'\0'),(32646,300,453,1541,'\0'),(32647,207,483,1659,'\0'),(32648,8,469,1540,'\0'),(32649,40,480,1539,'\0'),(32650,95,445,1653,'\0'),(32651,70,443,1653,'\0'),(32652,120,448,1653,'\0'),(32653,183,447,1653,'\0'),(32654,10,444,1533,'\0'),(32655,94,424,1466,'\0'),(32656,18,462,1585,'\0'),(32657,20,460,1570,'\0'),(32658,20,461,1407,'\0'),(32659,44,459,1570,'\0'),(32660,40,480,1623,'\0'),(32661,9,444,1654,'\0'),(32662,10,490,1585,'\0'),(32663,184,417,1542,'\0'),(32664,40,480,1356,'\0'),(32665,6,469,1614,'\0'),(32666,15,490,1586,'\0'),(32667,550,437,1371,'\0'),(32668,120,438,1588,'\0'),(32669,550,437,1463,'\0'),(32670,119,434,1673,'\0'),(32671,6,469,1445,'\0'),(32672,30,453,1427,'\0'),(32673,7.5,444,1629,'\0'),(32674,44,459,1424,'\0'),(32675,20,460,1424,'\0'),(32676,207,487,1521,'\0'),(32677,386,437,1637,'\0'),(32678,18,462,1424,'\0'),(32679,10,425,1653,'\0'),(32680,207,416,1538,'\0'),(32681,110,429,1494,'\0'),(32682,115,438,1410,'\0'),(32683,1200,437,1502,'\0'),(32684,207,487,1360,'\0'),(32685,110,429,1384,'\0'),(32686,20,485,1380,'\0'),(32687,6,469,1640,'\0'),(32688,160,455,1653,'\0'),(32689,49,467,1438,'\0'),(32690,238,492,1562,'\0'),(32691,10,490,1366,'\0'),(32692,38,454,1653,'\0'),(32693,55,456,1653,'\0'),(32694,312,492,1614,'\0'),(32695,550,437,1675,'\0'),(32696,20,471,1599,'\0'),(32697,518,495,1628,'\0'),(32698,15,425,1524,'\0'),(32699,10,490,1508,'\0'),(32700,20,460,1663,'\0'),(32701,20,471,1442,'\0'),(32702,20,471,1428,'\0'),(32703,125,448,1458,'\0'),(32704,135,417,1649,'\0'),(32705,170,447,1458,'\0'),(32706,170,446,1388,'\0'),(32707,20,467,1594,'\0'),(32708,30,461,1613,'\0'),(32709,20,485,1404,'\0'),(32710,60,480,1644,'\0'),(32711,18,462,1559,'\0'),(32712,20,485,1610,'\0'),(32713,130,417,1661,'\0'),(32714,119,434,1607,'\0'),(32715,535,437,1503,'\0'),(32716,15,425,1408,'\0'),(32717,740,437,1676,'\0'),(32718,100,417,1431,'\0'),(32719,63,426,1468,'\0'),(32720,6,469,1570,'\0'),(32721,6,469,1626,'\0'),(32722,45,443,1524,'\0'),(32723,290,492,1359,'\0'),(32724,18,462,1562,'\0'),(32725,150,447,1524,'\0'),(32726,170,448,1524,'\0'),(32727,270,453,1390,'\0'),(32728,245,453,1636,'\0'),(32729,61,448,1404,'\0'),(32730,165,447,1408,'\0'),(32731,160,439,1493,'\0'),(32732,10,490,1424,'\0'),(32733,340,453,1501,'\0'),(32734,40,480,1658,'\0'),(32735,9,444,1647,'\0'),(32736,37,461,1659,'\0'),(32737,110,429,1642,'\0'),(32738,20,485,1524,'\0'),(32739,104,427,1625,'\0'),(32740,300,417,1359,'\0'),(32741,7.5,444,1481,'\0'),(32742,89,404,1521,'\0'),(32743,265,453,1622,'\0'),(32744,550,437,1505,'\0'),(32745,10,444,1591,'\0'),(32746,23,425,1458,'\0'),(32747,20,485,1420,'\0'),(32748,20,467,1620,'\0'),(32749,38,459,1378,'\0'),(32750,340,453,1362,'\0'),(32751,20,485,1536,'\0'),(32752,70,461,1503,'\0'),(32753,85,405,1620,'\0'),(32754,583,437,1511,'\0'),(32755,20,485,1458,'\0'),(32756,4,469,1490,'\0'),(32757,255,453,1633,'\0'),(32758,257,453,1382,'\0'),(32759,10,490,1542,'\0'),(32760,483,495,1517,'\0'),(32761,20,467,1618,'\0'),(32762,8,444,1360,'\0'),(32763,20,467,1468,'\0'),(32764,240,417,1585,'\0'),(32765,60,480,1568,'\0'),(32766,430,437,1684,'\0'),(32767,145,463,1624,'\0'),(32768,120,447,1367,'\0'),(32769,310,417,1646,'\0'),(32770,45,443,1367,'\0'),(32771,4,469,1510,'\0'),(32772,70,448,1367,'\0'),(32773,600,453,1454,'\0'),(32774,7.5,444,1519,'\0'),(32775,115,438,1411,'\0'),(32776,92,431,1540,'\0'),(32777,120,438,1581,'\0'),(32778,130,417,1545,'\0'),(32779,207,483,1499,'\0'),(32780,6,444,1579,'\0'),(32781,20,485,1408,'\0'),(32782,60,480,1375,'\0'),(32783,483,495,1533,'\0'),(32784,310,417,1614,'\0'),(32785,133,417,1549,'\0'),(32786,10,490,1436,'\0'),(32787,18,462,1614,'\0'),(32788,312,492,1589,'\0'),(32789,690,437,1664,'\0'),(32790,386,437,1561,'\0'),(32791,10,444,1379,'\0'),(32792,20,458,1474,'\0'),(32793,37,461,1521,'\0'),(32794,7.5,444,1560,'\0'),(32795,76,407,1445,'\0'),(32796,40,480,1363,'\0'),(32797,23,425,1610,'\0'),(32798,44,459,1549,'\0'),(32799,20,460,1549,'\0'),(32800,40,480,1656,'\0'),(32801,217,478,1656,'\0'),(32802,6,469,1589,'\0'),(32803,20,485,1669,'\0'),(32804,217,489,1629,'\0'),(32805,240,417,1361,'\0'),(32806,493,453,1617,'\0'),(32807,312,492,1583,'\0'),(32808,20,485,1547,'\0'),(32809,217,478,1497,'\0'),(32810,70,442,1547,'\0'),(32811,123,417,1378,'\0'),(32812,15,444,1538,'\0'),(32813,40,480,1497,'\0'),(32814,20,460,1670,'\0'),(32815,51,459,1670,'\0'),(32816,493,453,1635,'\0'),(32817,100,443,1547,'\0'),(32818,165,448,1547,'\0'),(32819,30,461,1463,'\0'),(32820,240,447,1547,'\0'),(32821,76,406,1640,'\0'),(32822,150,445,1547,'\0'),(32823,92,428,1594,'\0'),(32824,85,405,1389,'\0'),(32825,237,423,1533,'\0'),(32826,310,417,1370,'\0'),(32827,40,480,1557,'\0'),(32828,200,455,1669,'\0'),(32829,60,456,1669,'\0'),(32830,10,490,1634,'\0'),(32831,44,459,1663,'\0'),(32832,125,448,1610,'\0'),(32833,50,454,1669,'\0'),(32834,292,453,1406,'\0'),(32835,70,442,1669,'\0'),(32836,170,447,1610,'\0'),(32837,15,441,1669,'\0'),(32838,15,425,1547,'\0'),(32839,210,447,1669,'\0'),(32840,15,459,1359,'\0'),(32841,60,456,1547,'\0'),(32842,6,469,1583,'\0'),(32843,200,455,1547,'\0'),(32844,150,445,1669,'\0'),(32845,50,454,1547,'\0'),(32846,89,448,1669,'\0'),(32847,90,443,1669,'\0'),(32848,570,437,1689,'\0'),(32849,250,500,1689,'\0'),(32850,240,417,1689,'\0'),(32851,23,425,1689,'\0'),(32852,10,444,1689,'\0'),(32853,40,480,1689,'\0'),(32854,375,453,1689,'\0'),(32855,20,485,1689,'\0'),(32856,52,461,1689,'\0'),(32857,240,447,1689,'\0'),(32858,350,492,1689,'\0'),(32859,140,448,1689,'\0');
/*!40000 ALTER TABLE `job_subtype_cost` ENABLE KEYS */;
UNLOCK TABLES;

--
-- Table structure for table `job_type`
--

DROP TABLE IF EXISTS `job_type`;
/*!40101 SET @saved_cs_client     = @@character_set_client */;
/*!40101 SET character_set_client = utf8 */;
CREATE TABLE `job_type` (
  `id` bigint(20) NOT NULL AUTO_INCREMENT,
  `name` varchar(255) NOT NULL,
  `order_number` int(11) NOT NULL,
  `deleted` bit(1) NOT NULL,
  `external_id` varchar(255) DEFAULT NULL,
  `external_code` varchar(255) DEFAULT NULL,
  PRIMARY KEY (`id`)
) ENGINE=InnoDB AUTO_INCREMENT=64 DEFAULT CHARSET=utf8;
/*!40101 SET character_set_client = @saved_cs_client */;

--
-- Dumping data for table `job_type`
--

LOCK TABLES `job_type` WRITE;
/*!40000 ALTER TABLE `job_type` DISABLE KEYS */;
INSERT INTO `job_type` VALUES (52,'Столяры',10,'\0','A5EB001BFCFFD10A11DF4F7407E39E04','000000004'),(53,'Крой',0,'\0','876E00195BFE421211DF627D295C40B0','000000005'),(54,'Плотники',5,'\0','877600195BFE421211DF67BBFD625C20','000000011'),(55,'Плотник по металлу',4,'\0','877F00195BFE421211DF6EF33A87F0A4','000000017'),(56,'Приб.пр/блок.',8,'\0','877F00195BFE421211DF6EF33A87F0A8','000000022'),(57,'Резка поролона',9,'\0','877F00195BFE421211DF6EF33A87F0B2','000000034'),(58,'Металлокаркасы',2,'\0','878000195BFE421211DF6FC223D412A6','000000039'),(59,'Обивка',11,'\0','878000195BFE421211DF6FC223D412A7','000000040'),(60,'Пошив',1,'\0','878000195BFE421211DF6FC223D412A8','000000041'),(61,'Прессовка',7,'\0','878000195BFE421211DF6FC223D412A9','000000042'),(62,'Покраска угловых диванов',6,'\0','880700195BFE421211DFE253F51811CB','000000050'),(63,'Новый вид работ',3,'\0','AA0E20CF306869C211E58922EA3E534D','000000138');
/*!40000 ALTER TABLE `job_type` ENABLE KEYS */;
UNLOCK TABLES;

--
-- Table structure for table `products`
--

DROP TABLE IF EXISTS `products`;
/*!40101 SET @saved_cs_client     = @@character_set_client */;
/*!40101 SET character_set_client = utf8 */;
CREATE TABLE `products` (
  `id` bigint(20) NOT NULL AUTO_INCREMENT,
  `name` varchar(255) NOT NULL,
  `deleted` bit(1) NOT NULL DEFAULT b'0',
  `external_id` varchar(255) DEFAULT NULL,
  `external_code` varchar(255) DEFAULT NULL,
  PRIMARY KEY (`id`)
) ENGINE=InnoDB AUTO_INCREMENT=1690 DEFAULT CHARSET=utf8;
/*!40101 SET character_set_client = @saved_cs_client */;

--
-- Dumping data for table `products`
--

LOCK TABLES `products` WRITE;
/*!40000 ALTER TABLE `products` DISABLE KEYS */;
INSERT INTO `products` VALUES (1352,'Диван Лилия Дельфин Т/Р М/К Д/П Ф/П ППУ вар.1','\0','93A220CF306869C211E61CE94A3AF21B','УТ000000729'),(1353,'Диван Лилия Дельфин Т/Р М/К Д/П Ф/П ППУ вар.3','\0','93A220CF306869C211E61CE94A3AF21D','УТ000000730'),(1354,'Диван Лилия Дельфин Т/Р М/К Д/П М/П ППУ вар.1','\0','93A220CF306869C211E61CE94A3AF216','УТ000000726'),(1355,'Диван Лилия Дельфин Т/Р М/К Д/П М/П ППУ вар.3','\0','93A220CF306869C211E61CE94A3AF218','УТ000000727'),(1356,'Диван Аккордеон 1,7 м Д/П п/б ','\0','B009843F26B5B35811DCAF002A0B85B2','00000000002'),(1357,' Кресло Аккорд 0,7 м ДИЗ п/б  вариант 2','\0','90B3001BFCFFD10A11DCF65420BD87E0','00000000547'),(1358,'Кресло Виктория Д/П  п/б КАПЛЯ вариант 1','\0','B99B20CF306869C211E284B781D6FF61','УТ000000386'),(1359,'Диван дельфин Лилия угловой Д/П Ф/П вариант 3','\0','AFC020CF306869C211E581FFC1CE3485','УТ000000649'),(1360,' Кресло Аккордеон 0,7 м К/П п/б ','\0','917E001BFCFFD10A11DD8AB6E8223104','00000000814'),(1361,'Диван Виктория Д/П Ф/П  п/б КАПЛЯ вариант 2','\0','B99B20CF306869C211E284B781D6FF64','УТ000000388'),(1362,'Диван Аккордеон 1,9 м К/П п/б','\0','A49A00116731095211DE4E7FCE59D360','00000001493'),(1363,'Диван Лилия Т/Р М/К Д/П Ф/П ППУ вар.1','\0','B88520CF306869C211E60863D583E0DA','УТ000000715'),(1364,'Диван Виктория угловой левый Д/П Ф/П п/б КАПЛЯ вариант2','\0','B99B20CF306869C211E284B781D6FF66','УТ000000389'),(1365,' Кресло Аккордеон 0,7 Д/П КЛАССИК вариант 1 ','\0','BBF120CF306869C211E673246D01B14B','УТ000000805'),(1366,'Диван Лилия Т/Р М/К Д/П Ф/П ППУ вар.3','\0','B88520CF306869C211E60863D583E0DF','УТ000000716'),(1367,'Кресло Виктория Д/П  п/б НОВЫЙ вариант 2','\0','A4DD00116731095211DE889345CA6772','00000001523'),(1368,'Диван Аккордеон 1,2 м К/П п/б ','\0','9171001BFCFFD10A11DD7EF89D3763AB','00000000792'),(1369,'Диван Аккордеон 1,9 К/П НОВЫЙ вариант 2','\0','A46C00116731095211DE243546849CFC','00000001459'),(1370,'Диван Виктория угловой правый Д/П Ф/П п/б КАПЛЯ вариант 1','\0','B99B20CF306869C211E284B781D6FF5F','УТ000000385'),(1371,'Диван Аккордеон 1,8 К/П НОВЫЙ вариант 2','\0','A46C00116731095211DE243546849CFA','00000001458'),(1372,'Кресло Лилия Т/Р М/К Д/П Ф/П ППУ вар.1','\0','B88520CF306869C211E60863D583E0E2','УТ000000717'),(1373,'Диван Виктория Д/П Ф/П  п/б КАПЛЯ вариант 1','\0','B99B20CF306869C211E284B781D6FF5B','УТ000000383'),(1374,'Диван Виктория Д/П  п/б ','\0','90B3001BFCFFD10A11DCF65420BD87E4','00000000549'),(1375,'Диван Виктория угловой левый Д/П Ф/П п/б КАПЛЯ вариант 1','\0','B99B20CF306869C211E284B781D6FF5D','УТ000000384'),(1376,'Диван Аккордеон 1,2 ВИОЛА  вариант 2','\0','A0B620CF306869C211E1A0B203B49545','УТ000000258'),(1377,'Диван Виктория б/б М/П ','\0','8D1520CF306869C211E4ADC9516A4CA0','УТ000000637'),(1378,'Диван Аккордеон 1,0 ВИОЛА  вариант 2','\0','A0B620CF306869C211E1A0B203B49543','УТ000000257'),(1379,'Диван Лилия шаговая Д/П М/К М/П вар.1','\0','B88520CF306869C211E61289CB886010','УТ000000723'),(1380,'Диван Аккордеон 1,5 ВИОЛА  вариант 2','\0','A0B620CF306869C211E1A0B203B49549','УТ000000260'),(1381,'Диван Лилия шаговая Д/П М/К М/П вар.3','\0','B88520CF306869C211E61289CB886012','УТ000000724'),(1382,'Диван Аккордеон 1,4 ВИОЛА  вариант 2','\0','A0B620CF306869C211E1A0B203B49547','УТ000000259'),(1383,'Диван Аккордеон 1,8 Д/П ЛИЛИЯ вариант 1','\0','93A220CF306869C211E620A1503C0FE2','УТ000000738'),(1384,'Диван Аккордеон 1,7 Д/П ЛИЛИЯ вариант 1','\0','93A220CF306869C211E620A1503C0FE0','УТ000000737'),(1385,'Диван Аккордеон 1,7 ВИОЛА  вариант 2','\0','A0B620CF306869C211E1A0B203B4954B','УТ000000261'),(1386,'Диван Аккордеон 1,9 Д/П ЛИЛИЯ вариант 1','\0','93A220CF306869C211E620A1503C0FE4','УТ000000739'),(1387,'Диван Аккордеон 1,8 ВИОЛА  вариант 1','\0','A0B620CF306869C211E1A0B203B4953D','УТ000000254'),(1388,'Кресло Лилия Д/П вар.1','\0','93A220CF306869C211E618D64B395F3E','УТ000000725'),(1389,'Диван Аккордеон 1,7 ВИОЛА  вариант 1','\0','A0B620CF306869C211E1A0B203B4953B','УТ000000253'),(1390,'Кресло Виктория К/П  п/б НОВЫЙ вариант 1','\0','A4D700116731095211DE830A5DBF843E','00000001522'),(1391,'Кресло Лилия Т/Р М/К К/П Ф/П ППУ вар.3','\0','A55D20CF306869C211E64D9C1A61C2DD','УТ000000777'),(1392,'Диван Аккордеон 1,9 ВИОЛА  вариант 1','\0','A0B620CF306869C211E1A0B203B4953F','УТ000000255'),(1393,'Кресло Виктория Д/П  п/б НОВЫЙ вариант 1','\0','A4D700116731095211DE830A5DBF843C','00000001521'),(1394,'Диван Аккордеон 1,9 К/П НОВЫЙ вариант 1 ','\0','A49100116731095211DE45D0C50B5764','00000001488'),(1395,' Кресло Аккорд 0,7 м ДИЗ п/б вариант 1','\0','90A9001BFCFFD10A11DCF0CE52A67BA4','00000000519'),(1396,' Кресло Аккордеон 0,7 ВИОЛА  вариант 2','\0','A0B620CF306869C211E1A0B203B49541','УТ000000256'),(1397,' Кресло Аккорд 0,7 м Б/Б п/б','\0','90A9001BFCFFD10A11DCF0CE52A67BA2','00000000518'),(1398,'Подушка мягкая 35х35','\0','852700195BFE421211DD06C8C7148212','00000000662'),(1399,'Диван Виктория ВИОЛА Ф/П п/б вариант 1','\0','B45420CF306869C211E1BAC643F0F2A2','УТ000000287'),(1400,'Подушка мягкая 55х55','\0','852700195BFE421211DD06C8C7148214','00000000663'),(1401,'Диван Виктория Диз вариант 3','\0','A6CD00116731095211E009A5DE38333B','00000001883'),(1402,'Диван Виктория ВИОЛА Ф/П п/б вариант 3','\0','B45420CF306869C211E1BAC643F0F2A8','УТ000000291'),(1403,' Кресло Аккордеон 0,7 Д/П ЛИЛИЯ вариант 1','\0','93A220CF306869C211E620A1503C0FD5','УТ000000732'),(1404,'Диван Виктория ВИОЛА Ф/П п/б вариант 2','\0','B45420CF306869C211E1BAC643F0F2A5','УТ000000289'),(1405,'Диван Аккордеон 1,9 ВИОЛА  вариант 2','\0','A0B620CF306869C211E1A0B203B4954F','УТ000000263'),(1406,'Диван Аккордеон 1,8 ВИОЛА  вариант 2','\0','A0B620CF306869C211E1A0B203B4954D','УТ000000262'),(1407,'Диван Аккордеон 1,0 Д/П ЛИЛИЯ вариант 1','\0','93A220CF306869C211E620A1503C0FD8','УТ000000733'),(1408,'Диван Уют МП б/б ','\0','832920CF306869C211E5312CA542F32B','УТ000000643'),(1409,'Диван Аккордеон 1,2 Д/П ЛИЛИЯ вариант 1','\0','93A220CF306869C211E620A1503C0FDA','УТ000000734'),(1410,'Диван Виктория Д/П  п/б НОВЫЙ вариант 2','\0','A4CD00116731095211DE7B3D28D23A84','00000001515'),(1411,'Диван Виктория К/П  п/б  вариант 3','\0','A6CD00116731095211E009A5DE383332','00000001877'),(1412,'Диван Виктория Д/П  п/б НОВЫЙ вариант 3','\0','A6CD00116731095211E009A5DE383335','00000001879'),(1413,'Диван Аккордеон 1,5 Д/П ЛИЛИЯ вариант 1','\0','93A220CF306869C211E620A1503C0FDE','УТ000000736'),(1414,'Диван Виктория К/П М/П  п/б КАПЛЯ ШАГОВАЯ вариант 1','\0','9CF020CF306869C211E26AC94D59731C','УТ000000325'),(1415,'Диван дельфин Лилия угловой Д/П Ф/П вариант 1','\0','AFC020CF306869C211E581FFC1CE3459','УТ000000648'),(1416,'Диван Аккордеон 1,4 Д/П ЛИЛИЯ вариант 1','\0','93A220CF306869C211E620A1503C0FDC','УТ000000735'),(1417,'Диван Виктория К/П  п/б НОВЫЙ вариант 3','\0','A6CD00116731095211E009A5DE383338','00000001881'),(1418,'Диван Аккордеон 1,9 м Д/П п/б','\0','A49200116731095211DE46BF678C8EBA','00000001490'),(1419,'Подушка Виктория Ф/П (99х47)','\0','852700195BFE421211DD06C8C7148202','00000000654'),(1420,'Диван Аккордеон 1,8 К/П ЛИЛИЯ вариант 1','\0','A55D20CF306869C211E64D9C1A61C2F9','УТ000000792'),(1421,'Диван Аккордеон 1,7 К/П ЛИЛИЯ вариант 1','\0','A55D20CF306869C211E64D9C1A61C2F7','УТ000000791'),(1422,'Диван Аккордеон 1,4 К/П КАПЛЯ вариант 1  ','\0','A69F001BFCFFD10A11DFE8AD461EC69A','00000001827'),(1423,'Диван Аккордеон 1,5 К/П ЛИЛИЯ вариант 1','\0','A55D20CF306869C211E64D9C1A61C2F5','УТ000000790'),(1424,'Диван Аккордеон 1,4 К/П ЛИЛИЯ вариант 1','\0','A55D20CF306869C211E64D9C1A61C2F3','УТ000000789'),(1425,'Диван Аккордеон 1,7 К/П КАПЛЯ вариант 1','\0','A69F001BFCFFD10A11DFE8AD461EC69E','00000001829'),(1426,'Диван Аккордеон 1,2 К/П ЛИЛИЯ вариант 1','\0','A55D20CF306869C211E64D9C1A61C2F1','УТ000000788'),(1427,'Подушка Виктория М/П (1 шт) (67х50)','\0','852700195BFE421211DD06C8C7148208','00000000657'),(1428,'Диван Аккордеон 1,5 К/П КАПЛЯ вариант 1 ','\0','A69F001BFCFFD10A11DFE8AD461EC69C','00000001828'),(1429,'Диван Виктория Д/П  п/б  вариант 3','\0','A6CD00116731095211E009A5DE38332F','00000001875'),(1430,'Кресло Виктория К/П  п/б КАПЛЯ вариант 1','\0','A73A00116731095211E060DEF7CC9162','00000001926'),(1431,'Кресло Виктория К/П  п/б КАПЛЯ вариант 2','\0','A73A00116731095211E060DEF7CC9164','00000001927'),(1432,'Подушка Аккордеон М/К (48х33)','\0','852700195BFE421211DD06C8C714820E','00000000660'),(1433,'Подушка-думка овальная Аккордеон Б/Б (58х22)','\0','852700195BFE421211DD06C8C714820C','00000000659'),(1434,'Диван Аккордеон 1,8 м ДИЗ п/б вариант 2','\0','A49C00116731095211DE501F075FDDBA','00000001505'),(1435,' Кресло Аккордеон 0,7 К/П КАПЛЯ вариант 1','\0','A69F001BFCFFD10A11DFE8AD461EC694','00000001824'),(1436,'Диван Лилия Дельфин Т/Р М/К К/П М/П ППУ вар.1','\0','826E20CF306869C211E644CFEFDB7D78','УТ000000760'),(1437,'Диван Аккордеон 1,9 К/П ЛИЛИЯ вариант 1','\0','A55D20CF306869C211E64D9C1A61C2FB','УТ000000793'),(1438,'Диван Аккордеон 1,8 м ДИЗ п/б вариант 1','\0','A49C00116731095211DE501F075FDDB8','00000001504'),(1439,'Диван Аккордеон 1,2 К/П КАПЛЯ вариант 1','\0','A69F001BFCFFD10A11DFE8AD461EC698','00000001826'),(1440,'Диван Зевс прямой № 2 с ящиком (53см)(#)','\0','A9A220CF306869C211E60148D0F1E2EE','УТ000000713'),(1441,'Диван Виктория угловой левый К/П Ф/П  п/б КАПЛЯ вариант 3','\0','8720001BFCFFD10A11E09E211DF55D70','УТ000000047'),(1442,'Диван Аккордеон 1,0 К/П КАПЛЯ вариант 1','\0','A69F001BFCFFD10A11DFE8AD461EC696','00000001825'),(1443,'Диван Зевс № 1 с 2-мя ящиками (53см) левый(#)','\0','A8BE20CF306869C211E5E5D852C0EFF9','УТ000000680'),(1444,'Диван Лилия Дельфин Т/Р М/К К/П М/П ППУ вар.3','\0','826E20CF306869C211E644CFEFDB7D7A','УТ000000761'),(1445,'Диван Аккордеон 1,4 ВИОЛА  вариант 1','\0','A0B620CF306869C211E1A0B203B49535','УТ000000250'),(1446,'Кресло Лилия К/П вар.1','\0','A55D20CF306869C211E64D9C1A61C2E9','УТ000000784'),(1447,'Диван Виктория угловой левый Д/П М/П п/б КАПЛЯ ШАГОВАЯ вариант 3','\0','B99B20CF306869C211E284BC6DA9A8B2','УТ000000417'),(1448,'Диван Лилия шаговая К/П М/К Ф/П вар.3','\0','A55D20CF306869C211E64D9C1A61C2E7','УТ000000783'),(1449,'Диван Виктория угловой правый Д/П М/П п/б КАПЛЯ ШАГОВАЯ вариант 3','\0','B99B20CF306869C211E284BC6DA9A8B4','УТ000000418'),(1450,'Диван Аккордеон 1,5 ВИОЛА  вариант 1','\0','A0B620CF306869C211E1A0B203B49539','УТ000000252'),(1451,'Диван Виктория угловой левый К/П М/П п/б КАПЛЯ вариант 2','\0','8720001BFCFFD10A11E09E211DF55D68','УТ000000043'),(1452,'Диван Лилия шаговая К/П М/К Ф/П вар.1','\0','A55D20CF306869C211E64D9C1A61C2E5','УТ000000782'),(1453,'Диван Аккордеон 1,2 ВИОЛА  вариант 1','\0','A0B620CF306869C211E1A0B203B49537','УТ000000251'),(1454,'Диван Зевс № 1 с 2-мя ящиками (65см) правый(#)','\0','A8BE20CF306869C211E5E5D852C0EFFB','УТ000000681'),(1455,'Диван Виктория угловой левый К/П М/П п/б КАПЛЯ вариант1','\0','8720001BFCFFD10A11E09E211DF55D66','УТ000000042'),(1456,'Диван Аккордеон 1,5 м К/П п/б  ','\0','9159001BFCFFD10A11DD6CE49B5DBB64','00000000766'),(1457,'Диван Виктория К/П Ф/П  п/б КАПЛЯ вариант 2','\0','A75D00116731095211E07F80AD0937B1','УТ000000006'),(1458,'Диван Виктория Д/П Ф/П  п/б КАПЛЯ ШАГОВАЯ вариант 1','\0','B99B20CF306869C211E284BC6DA9A8B8','УТ000000421'),(1459,'Диван Виктория угловой левый К/П Ф/П п/б КАПЛЯ вариант2','\0','8720001BFCFFD10A11E09E211DF55D6E','УТ000000046'),(1460,'Диван Лилия шаговая К/П М/К М/П вар.3','\0','A55D20CF306869C211E64D9C1A61C2E2','УТ000000780'),(1461,'Диван Зевс мех дельфин № 1 (спал.мес. 114 см) правый(#)','\0','A8BE20CF306869C211E5E5D852C0EFFD','УТ000000682'),(1462,'Диван Виктория угловой левый К/П Ф/П п/б КАПЛЯ вариант 1','\0','8720001BFCFFD10A11E09E211DF55D6C','УТ000000045'),(1463,'Диван Лилия шаговая К/П М/К М/П вар.1','\0','A55D20CF306869C211E64D9C1A61C2E0','УТ000000779'),(1464,'Диван Зевс мех дельфин № 1 (спал.мес. 90 см) правый(#)','\0','A8BE20CF306869C211E5E5D852C0EFFF','УТ000000683'),(1465,'Диван Виктория К/П  п/б ','\0','9159001BFCFFD10A11DD6CE49B5DBB60','00000000764'),(1466,'Диван Виктория угловой левый К/П М/П п/б КАПЛЯ вариант 3','\0','8720001BFCFFD10A11E09E211DF55D6A','УТ000000044'),(1467,'Диван Лилия Дельфин Т/Р М/К К/П Ф/П ППУ вар.1','\0','826E20CF306869C211E644CFEFDB7D7D','УТ000000763'),(1468,'Диван Виктория К/П Ф/П  п/б КАПЛЯ вариант 1','\0','A75D00116731095211E07F80AD0937AF','УТ000000005'),(1469,'Диван Лилия Дельфин Т/Р М/К К/П Ф/П ППУ вар.3','\0','826E20CF306869C211E644CFEFDB7D7F','УТ000000764'),(1470,'Диван Аккордеон 1,0 м  Б/Б п/б','\0','852300195BFE421211DD02CC64811CF6','00000000558'),(1471,'Диван Виктория Д/П М/П  п/б КАПЛЯ ШАГОВАЯ вариант 3','\0','B99B20CF306869C211E284BC6DA9A8B0','УТ000000416'),(1472,' Кресло Аккордеон 0,7 ВИОЛА  вариант 1','\0','A0B620CF306869C211E1A0B203B4952D','УТ000000248'),(1473,'Диван Виктория угловой левый Д/П Ф/П п/б КАПЛЯ ШАГОВАЯ вариант 1','\0','B99B20CF306869C211E284BC6DA9A8BA','УТ000000422'),(1474,'Диван Аккордеон 1,0 К/П ЛИЛИЯ вариант 1','\0','A55D20CF306869C211E64D9C1A61C2EF','УТ000000787'),(1475,'Диван Аккордеон 1,0 ВИОЛА   вариант 1','\0','A0B620CF306869C211E1A0B203B4952F','УТ000000249'),(1476,' Кресло Аккордеон 0,7 К/П ЛИЛИЯ вариант 1','\0','A55D20CF306869C211E64D9C1A61C2ED','УТ000000786'),(1477,'Диван Аккордеон 1,2 м ДИЗ п/б вариант 2','\0','852300195BFE421211DD02CC64811CFE','00000000562'),(1478,'Диван Аккордеон 1,0 м ДИЗ п/б вариант 2','\0','852300195BFE421211DD02CC64811CFC','00000000561'),(1479,'Диван Аккордеон 1,0 Д/П КЛАССИК вариант 2','\0','BBF120CF306869C211E674E2F42AEAC4','УТ000000816'),(1480,'Диван Виктория угловой правый К/П М/П п/б КАПЛЯ ШАГОВАЯ вариант 3','\0','B99B20CF306869C211E284BC6DA9A8A1','УТ000000408'),(1481,' Кресло Аккордеон 0,7 Д/П КЛАССИК вариант 2','\0','BBF120CF306869C211E674E2F42AEAC2','УТ000000815'),(1482,'Кресло Лилия Т/Р М/К Д/П Ф/П ППУ вар.3','\0','B88520CF306869C211E60863D583E0E4','УТ000000718'),(1483,'Диван Виктория Д/П М/П  п/б КАПЛЯ ШАГОВАЯ вариант 1','\0','B99B20CF306869C211E284BC6DA9A8A3','УТ000000409'),(1484,'Диван Аккордеон 1,4 Д/П КЛАССИК вариант 2','\0','BBF120CF306869C211E674E2F42AEAC8','УТ000000818'),(1485,'Диван Виктория угловой левый Д/П М/П п/б КАПЛЯ ШАГОВАЯ вариант1','\0','B99B20CF306869C211E284BC6DA9A8A5','УТ000000410'),(1486,'Диван Аккордеон 1,2 Д/П КЛАССИК вариант 2','\0','BBF120CF306869C211E674E2F42AEAC6','УТ000000817'),(1487,'Диван Виктория угловой правый Д/П М/П п/б КАПЛЯ ШАГОВАЯ вариант1','\0','B99B20CF306869C211E284BC6DA9A8A7','УТ000000411'),(1488,'Диван Аккордеон 1,5 Д/П КЛАССИК вариант 2','\0','BBF120CF306869C211E674E2F42AEACA','УТ000000819'),(1489,'Диван Аккордеон 1,0 Д/П НОВЫЙ вариант 2','\0','A47200116731095211DE28F0AAAD43FE','00000001462'),(1490,'Диван Виктория Д/П М/П  п/б КАПЛЯ ШАГОВАЯ вариант 2','\0','B99B20CF306869C211E284BC6DA9A8AA','УТ000000413'),(1491,'Диван Аккордеон 1,8 Д/П КЛАССИК вариант 2','\0','BBF120CF306869C211E674E2F42AEACE','УТ000000821'),(1492,'Диван дельфин Лилия угловой Д/П М/П вариант 3','\0','AFC020CF306869C211E582185EAD6720','УТ000000653'),(1493,'Диван Виктория угловой левый Д/П М/П п/б КАПЛЯ ШАГОВАЯ вариант 2','\0','B99B20CF306869C211E284BC6DA9A8AC','УТ000000414'),(1494,'Диван Аккордеон 1,7 Д/П КЛАССИК вариант 2','\0','BBF120CF306869C211E674E2F42AEACC','УТ000000820'),(1495,'Диван Виктория угловой правый Д/П М/П п/б КАПЛЯ ШАГОВАЯ вариант 2','\0','B99B20CF306869C211E284BC6DA9A8AE','УТ000000415'),(1496,' Кресло Аккордеон 0,7 Д/П НОВЫЙ вариант 2','\0','A47200116731095211DE28F0AAAD43FC','00000001461'),(1497,'Диван Аккордеон 1,9 Д/П КЛАССИК вариант 2','\0','BBF120CF306869C211E674E2F42AEAD0','УТ000000822'),(1498,'Диван Аккордеон 1,8 К/П НОВЫЙ вариант 1','\0','A49C00116731095211DE501F075FDDB4','00000001502'),(1499,'Диван Аккордеон 1,8 Д/П НОВЫЙ вариант 2','\0','A49C00116731095211DE501F075FDDB6','00000001503'),(1500,'Диван Аккордеон 1,8 м Д/П п/б ','\0','A49C00116731095211DE501F075FDDB0','00000001500'),(1501,'Диван Аккордеон 1,8 м К/П п/б ','\0','A49C00116731095211DE501F075FDDB2','00000001501'),(1502,'Диван дельфин Лилия угловой Д/П М/П вариант 1','\0','AFC020CF306869C211E582185EAD671E','УТ000000652'),(1503,'Диван Виктория Диз вариант 1','\0','A46400116731095211DE1F4AA95135EB','00000001456'),(1504,'Диван Аккордеон 1,9 м ДИЗ п/б вариант 2','\0','A49C00116731095211DE501F075FDDAC','00000001498'),(1505,'Диван Аккордеон 1,8 м Б/Б п/б','\0','A49C00116731095211DE501F075FDDAE','00000001499'),(1506,'Диван Аккордеон 1,9 м ДИЗ п/б вариант 1','\0','A49C00116731095211DE501F075FDDAA','00000001497'),(1507,'Диван Аккордеон 1,7 м К/П п/б ','\0','9159001BFCFFD10A11DD6CE49B5DBB7E','00000000769'),(1508,'Диван Виктория К/П  п/б НОВЫЙ вариант 2','\0','A4D200116731095211DE7FF7C3E1283E','00000001520'),(1509,'Кресло Виктория № 01(#)','\0','A9A220CF306869C211E5F1923F4C05BC','УТ000000707'),(1510,'Диван Виктория К/П  п/б НОВЫЙ вариант 1','\0','A4D200116731095211DE7FF7C3E1283B','00000001518'),(1511,'Диван Аккордеон 1,9 м Б/Б п/б','\0','A49C00116731095211DE501F075FDDA8','00000001496'),(1512,' Кресло Аккорд 0,7 м Д/П п/б  ','\0','90A9001BFCFFD10A11DCF0D361009F8E','00000000520'),(1513,'Диван Аккордеон 1,4 К/П НОВЫЙ вариант 1  ','\0','A47C00116731095211DE316073BACEF4','00000001485'),(1514,'Диван Аккордеон М/К 1,4 м ','\0','90A6001BFCFFD10A11DCEE65D7AB7893','00000000054'),(1515,'Диван Виктория Угловой К/П   НОВЫЙ вариант 2','\0','A612001BFCFFD10A11DF71F69E8C9AC1','00000001739'),(1516,'Диван Виктория угловой правый К/П Ф/П п/б КАПЛЯ вариант2','\0','871F001BFCFFD10A11E09D637B8A377D','УТ000000037'),(1517,'Диван Виктория угловой правый К/П Ф/П  п/б КАПЛЯ вариант 3','\0','871F001BFCFFD10A11E09D637B8A377F','УТ000000038'),(1518,'Диван Виктория ВИОЛА М/П п/б вариант 3','\0','87840014D116150311E0EA5783E0D3AE','УТ000000068'),(1519,'Диван Аккордеон 1,2 Д/П Лора вариант 1','\0','899F20CF306869C211E3F780CCB639D7','УТ000000579'),(1520,'Диван Аккордеон  БАРЦ 1,4 м ','\0','90A6001BFCFFD10A11DCEE883EB19C65','00000000060'),(1521,'Диван Аккордеон 1,2 К/П НОВЫЙ вариант 1','\0','A47C00116731095211DE316073BACEF2','00000001484'),(1522,'Диван Виктория Угловой К/П   НОВЫЙ вариант 1','\0','A612001BFCFFD10A11DF71F69E8C9ABF','00000001738'),(1523,'Диван Аккордеон 1,0 К/П НОВЫЙ вариант 1','\0','A47C00116731095211DE316073BACEF0','00000001483'),(1524,'Кресло Виктория Диз вариант 2','\0','A47700116731095211DE2D65E6348BE6','00000001469'),(1525,'Диван Виктория Угловой Диз вариант 2','\0','A612001BFCFFD10A11DF71F69E8C9ABB','00000001736'),(1526,'Диван Виктория Ф/П п/б дуга','\0','90A6001BFCFFD10A11DCEE883EB19C71','00000000066'),(1527,'Кресло-качалка Виктория № 04(#)','\0','A9A220CF306869C211E5F0F0ADE8FDE5','УТ000000708'),(1528,'Угловой диван Виктория М/П п/б','\0','90A6001BFCFFD10A11DCEE883EB19C73','00000000067'),(1529,'Кресло Виктория Ф/П п/б дуга','\0','90A9001BFCFFD10A11DCF0CE52A67B72','00000000494'),(1530,'Кресло Виктория Ф/П п/б ','\0','90A9001BFCFFD10A11DCF0CE52A67B70','00000000493'),(1531,'Диван Аккордеон 1,2 К/П КАПЛЯ вариант 2','\0','A698001BFCFFD10A11DFE251A8464EA6','00000001820'),(1532,'Диван Виктория Угловой Диз вариант 1','\0','A612001BFCFFD10A11DF71F69E8C9AB9','00000001735'),(1533,'Диван Виктория угловой правый К/П Ф/П п/б КАПЛЯ вариант 1','\0','871F001BFCFFD10A11E09D637B8A3779','УТ000000035'),(1534,'Угловой диван Виктория Ф/П п/б ','\0','90A6001BFCFFD10A11DCEE883EB19C6D','00000000064'),(1535,'Диван Аккордеон 1,9 Д/П НОВЫЙ вариант 1 ','\0','A49100116731095211DE45D3D765AF38','00000001489'),(1536,'Диван Виктория Угловой Д/П  НОВЫЙ вариант 1','\0','A612001BFCFFD10A11DF71F69E8C9AB5','00000001733'),(1537,'Диван Виктория Ф/П ','\0','90A6001BFCFFD10A11DCEE883EB19C6F','00000000065'),(1538,'Диван Виктория Угловой Д/П   НОВЫЙ вариант 2','\0','A612001BFCFFD10A11DF71F69E8C9AB7','00000001734'),(1539,'Диван Аккордеон 1,0 К/П КАПЛЯ вариант 2','\0','A698001BFCFFD10A11DFE251A8464EA9','00000001821'),(1540,'Диван Аккордеон 1,8 Д/П НОВЫЙ вариант 1','\0','A49400116731095211DE490D84DF24B4','00000001491'),(1541,'Диван Аккордеон 1,9 Д/П Лора вариант 1','\0','899F20CF306869C211E3F7A17F603152','УТ000000584'),(1542,'Диван Аккордеон 1,4 м ДИЗ п/б вариант 1','\0','90A6001BFCFFD10A11DCEE65D7AB7883','00000000046'),(1543,'Диван Аккордеон 1,2 м ДИЗ п/б вариант 1','\0','90A6001BFCFFD10A11DCEE65D7AB7881','00000000045'),(1544,'Диван Аккордеон 1,5 м ДИЗ п/б вариант 2     ','\0','90A6001BFCFFD10A11DCEE65D7AB7887','00000000048'),(1545,'Диван Аккордеон 1,4 Д/П Лора вариант 1','\0','899F20CF306869C211E3F780CCB639E7','УТ000000580'),(1546,'Диван Аккордеон 1,5 м ДИЗ п/б вариант 1','\0','90A6001BFCFFD10A11DCEE65D7AB7885','00000000047'),(1547,'Диван Аккордеон 1,7 м ДИЗ п/б вариант 1','\0','90A6001BFCFFD10A11DCEE65D7AB7889','00000000049'),(1548,'Диван Виктория Д/П  п/б НОВЫЙ вариант 1','\0','A4CD00116731095211DE7B3DC5973A5C','00000001516'),(1549,'Диван Аккордеон 1,5 Д/П Лора вариант 1','\0','899F20CF306869C211E3F780CCB639F2','УТ000000581'),(1550,'Диван Аккордеон 1,7 м ДИЗ п/б вариант 2','\0','90A6001BFCFFD10A11DCEE65D7AB788B','00000000050'),(1551,'Диван Виктория ВИОЛА М/П п/б вариант 1','\0','B45420CF306869C211E1BAC643F0F29C','УТ000000283'),(1552,'Диван Виктория ВИОЛА М/П п/б вариант 2','\0','B45420CF306869C211E1BAC643F0F29E','УТ000000284'),(1553,'Кресло Виктория К/П  п/б ','\0','9187001BFCFFD10A11DD91E69000EED1','00000000827'),(1554,'Кресло Лилия Т/Р М/К К/П Ф/П ППУ вар.1','\0','A55D20CF306869C211E64D694504EA19','УТ000000776'),(1555,'Диван Аккордеон 1,8 Д/П Лора вариант 1','\0','899F20CF306869C211E3F7A17F603147','УТ000000583'),(1556,'Диван Лилия Т/Р М/К К/П Ф/П ППУ вар.3','\0','A55D20CF306869C211E64D694504EA17','УТ000000775'),(1557,'Диван Виктория К/П М/П  п/б КАПЛЯ вариант 2','\0','A75D00116731095211E07F80AD0937BB','УТ000000013'),(1558,'Диван Аккордеон 1,7 Д/П Лора вариант 1','\0','899F20CF306869C211E3F7A17F60313C','УТ000000582'),(1559,'Диван Виктория К/П М/П  п/б КАПЛЯ вариант 3','\0','A75D00116731095211E07F80AD0937BD','УТ000000014'),(1560,' Кресло Аккордеон 0,7 Д/П Лора вариант 1','\0','899F20CF306869C211E3F780CCB639BA','УТ000000577'),(1561,'Диван Аккордеон 1,0 м К/П п/б  ','\0','915A001BFCFFD10A11DD6DC04BC43565','00000000771'),(1562,'Диван Виктория К/П Ф/П  п/б КАПЛЯ вариант 3','\0','A75D00116731095211E07F80AD0937B7','УТ000000011'),(1563,'Диван Аккордеон 1,4 м К/П п/б ','\0','915A001BFCFFD10A11DD6DC04BC43569','00000000772'),(1564,'Диван Виктория К/П М/П  п/б КАПЛЯ вариант 1','\0','A75D00116731095211E07F80AD0937B9','УТ000000012'),(1565,'Диван дельфин Лилия угловой К/П М/П вариант 3','\0','A55D20CF306869C211E64D694504EA0D','УТ000000769'),(1566,'Диван дельфин Лилия угловой К/П М/П вариант 1','\0','A55D20CF306869C211E64D694504EA0B','УТ000000768'),(1567,'Кресло Виктория М/П п/б','\0','90A9001BFCFFD10A11DCF0CE52A67B7A','00000000498'),(1568,'Диван Виктория угловой левый Д/П М/П п/б КАПЛЯ вариант1','\0','B99B20CF306869C211E284B36D64F7B8','УТ000000372'),(1569,'Диван Виктория Д/П М/П  п/б КАПЛЯ вариант 1','\0','B99B20CF306869C211E284B36D64F7B6','УТ000000371'),(1570,'Диван Аккордеон 1,4 м Д/П п/б  ','\0','B00AC138207CA05811DCAFC29E453871','00000000024'),(1571,'Диван Аккордеон 1,2 м Д/П п/б  ','\0','B00AC138207CA05811DCAFC29E453873','00000000025'),(1572,'Подушка Виктория М/П (3 шт) (67х50)','\0','951E20CF306869C211E13C2F2B13215F','УТ000000142'),(1573,'Диван Лилия Т/Р М/К К/П Ф/П ППУ вар.1','\0','A55D20CF306869C211E64D694504EA15','УТ000000774'),(1574,'Диван Аккордеон 1,0 м Д/П п/б ','\0','B00AC138207CA05811DCAFC29E453875','00000000026'),(1575,'Диван дельфин Лилия угловой К/П Ф/П вариант 3','\0','A55D20CF306869C211E64D694504EA12','УТ000000772'),(1576,'Пуф Виктория Д/П ','\0','90A9001BFCFFD10A11DCF0CE52A67B82','00000000502'),(1577,'Диван дельфин Лилия угловой К/П Ф/П вариант 1','\0','A55D20CF306869C211E64D694504EA10','УТ000000771'),(1578,'Диван Аккордеон 1,0 Д/П Лора вариант 1','\0','899F20CF306869C211E3F780CCB639CD','УТ000000578'),(1579,'Кресло Виктория Д/П  п/б','\0','90A9001BFCFFD10A11DCF0CE52A67B7E','00000000500'),(1580,'Диван Виктория угловой правый Д/П М/П п/б КАПЛЯ вариант 2','\0','B99B20CF306869C211E284B36D64F7C1','УТ000000377'),(1581,'Диван Виктория Д/П Ф/П  п/б КАПЛЯ ШАГОВАЯ вариант 3','\0','B99B20CF306869C211E284C0A4F7B6F9','УТ000000428'),(1582,'Диван Виктория К/П Ф/П  п/б КАПЛЯ ШАГОВАЯ вариант 2','\0','9CF020CF306869C211E26AC94D597329','УТ000000334'),(1583,'Диван Виктория угловой правый Д/П Ф/П п/б КАПЛЯ ШАГОВАЯ вариант2','\0','B99B20CF306869C211E284C0A4F7B6F7','УТ000000427'),(1584,'Диван Виктория К/П Ф/П  п/б КАПЛЯ ШАГОВАЯ вариант 1','\0','9CF020CF306869C211E26AC94D597327','УТ000000333'),(1585,'Диван Виктория К/П М/П  п/б КАПЛЯ ШАГОВАЯ вариант 2','\0','9CF020CF306869C211E26AC94D597320','УТ000000328'),(1586,'Диван Виктория угловой правый Д/П М/П п/б КАПЛЯ вариант 3','\0','B99B20CF306869C211E284B36D64F7C8','УТ000000381'),(1587,'Диван Виктория угловой левый Д/П М/П п/б КАПЛЯ вариант 3','\0','B99B20CF306869C211E284B36D64F7C6','УТ000000380'),(1588,'Диван Виктория Д/П М/П  п/б КАПЛЯ вариант 3','\0','B99B20CF306869C211E284B36D64F7C4','УТ000000379'),(1589,'Диван Виктория угловой правый Д/П Ф/П  п/б КАПЛЯ ШАГОВАЯ вариант 3','\0','B99B20CF306869C211E284C0A4F7B6FD','УТ000000430'),(1590,'Диван Виктория К/П М/П  п/б КАПЛЯ ШАГОВАЯ вариант 3','\0','9CF020CF306869C211E26AC94D597322','УТ000000329'),(1591,'Диван Виктория угловой левый Д/П Ф/П  п/б КАПЛЯ ШАГОВАЯ вариант 3','\0','B99B20CF306869C211E284C0A4F7B6FB','УТ000000429'),(1592,'Кресло Виктория М/П п/б дуга ','\0','852300195BFE421211DD02CC64811D0F','00000000571'),(1593,' Кресло Аккордеон 0,7 К/П КАПЛЯ  вариант 2','\0','A69F001BFCFFD10A11DFE8AD461EC6A4','00000001832'),(1594,'Диван Аккордеон 1,9 К/П КАПЛЯ вариант 1 ','\0','A69F001BFCFFD10A11DFE8AD461EC6A2','00000001831'),(1595,'Диван Зевс прямой мех дельфин № 2 (спал.мес. 90 см)(#)','\0','A9A220CF306869C211E5F7D83D225261','УТ000000712'),(1596,'Диван Аккордеон 1,9 Д/П КАПЛЯ вариант 2','\0','81F3705AB67B77C011DFFBDAF3E67233','00000001859'),(1597,'Диван Зевс № 1 с 2-мя ящиками (65см) левый(#)','\0','85B920CF306869C211E5CA31945FF2D5','УТ000000677'),(1598,'Кресло Виктория Диз вариант 1','\0','A47400116731095211DE2A56CF2A578A','00000001468'),(1599,'Диван Аккордеон 1,8 К/П КАПЛЯ вариант 2','\0','A69F001BFCFFD10A11DFE8AD461EC6A8','00000001834'),(1600,'Диван Аккордеон 1,8 Д/П КАПЛЯ вариант 2','\0','81F3705AB67B77C011DFFBDAF3E67231','00000001858'),(1601,'Диван Зевс № 1 с 2-мя ящиками (53см) правый(#)','\0','85B920CF306869C211E5CA31945FF2D3','УТ000000676'),(1602,'Диван Аккордеон 1,4 К/П КАПЛЯ вариант 2','\0','A69F001BFCFFD10A11DFE8AD461EC6A6','00000001833'),(1603,'Диван Виктория угловой правый Д/П Ф/П п/б КАПЛЯ ШАГОВАЯ вариант 1','\0','B99B20CF306869C211E284C0A4F7B6F0','УТ000000423'),(1604,'Диван Виктория угловой левый Д/П М/П п/б КАПЛЯ вариант 2','\0','B99B20CF306869C211E284B36D64F7BF','УТ000000376'),(1605,'Диван Виктория Д/П М/П  п/б КАПЛЯ вариант 2','\0','B99B20CF306869C211E284B36D64F7BD','УТ000000375'),(1606,'Диван Виктория угловой левый Д/П Ф/П п/б КАПЛЯ ШАГОВАЯ вариант2','\0','B99B20CF306869C211E284C0A4F7B6F5','УТ000000426'),(1607,'Диван Аккордеон 1,9 К/П КАПЛЯ вариант 2','\0','A69F001BFCFFD10A11DFE8AD461EC6AA','00000001835'),(1608,'Диван Виктория К/П Ф/П  п/б КАПЛЯ ШАГОВАЯ вариант 3','\0','9CF020CF306869C211E26AC94D59732B','УТ000000335'),(1609,'Диван Аккордеон 1,5 К/П КАПЛЯ вариант 2','\0','A68F001BFCFFD10A11DFDA7C3CC4150F','00000001811'),(1610,'Диван Виктория Д/П Ф/П  п/б КАПЛЯ ШАГОВАЯ вариант 2','\0','B99B20CF306869C211E284C0A4F7B6F3','УТ000000425'),(1611,'Диван Виктория угловой правый Д/П М/П п/б КАПЛЯ вариант1','\0','B99B20CF306869C211E284B36D64F7BA','УТ000000373'),(1612,'Диван Лилия шаговая Д/П М/К Ф/П вар.1','\0','B88520CF306869C211E611B78B508D3A','УТ000000720'),(1613,'Диван Лилия шаговая Д/П М/К Ф/П вар.3','\0','B88520CF306869C211E611B78B508D3C','УТ000000721'),(1614,'Диван Виктория угловой левый К/П М/П п/б КАПЛЯ ШАГОВАЯ вариант 2','\0','B99B20CF306869C211E284BC6DA9A89B','УТ000000405'),(1615,'Диван Аккордеон 1,8 К/П КАПЛЯ вариант 1','\0','A69F001BFCFFD10A11DFE8AD461EC6A0','00000001830'),(1616,'Диван Виктория угловой правый К/П М/П п/б КАПЛЯ ШАГОВАЯ вариант 2','\0','B99B20CF306869C211E284BC6DA9A89D','УТ000000406'),(1617,'Диван Виктория угловой левый К/П М/П п/б КАПЛЯ ШАГОВАЯ вариант 3','\0','B99B20CF306869C211E284BC6DA9A89F','УТ000000407'),(1618,'Кресло Виктория К/П  п/б НОВЫЙ вариант 2','\0','A4DD00116731095211DE889487D9EEBC','00000001524'),(1619,'Диван Аккордеон 1,4 м ДИЗ п/б вариант 2','\0','852300195BFE421211DD02CC64811D00','00000000563'),(1620,'Диван Аккордеон 1,7 К/П КАПЛЯ вариант 2','\0','A69E001BFCFFD10A11DFE7DA08535049','00000001823'),(1621,'Диван Аккордеон 1,5 Д/П КАПЛЯ вариант 1 ','\0','81F3705AB67B77C011DFFBDAF3E6721D','00000001848'),(1622,'Диван Аккордеон 1,4 Д/П КАПЛЯ вариант 1  ','\0','81F3705AB67B77C011DFFBDAF3E6721B','00000001847'),(1623,'Диван Аккордеон 1,2 м Б/Б п/б','\0','90A6001BFCFFD10A11DCEE65D7AB7873','00000000038'),(1624,'Диван Виктория Диз вариант 2','\0','A44000116731095211DE02F9E52239CA','00000001407'),(1625,'Диван Аккордеон 1,5 м Б/Б п/б','\0','90A6001BFCFFD10A11DCEE65D7AB7877','00000000040'),(1626,'Диван Аккордеон 1,4 м Б/Б п/б','\0','90A6001BFCFFD10A11DCEE65D7AB7875','00000000039'),(1627,'Диван Аккордеон 1,9 Д/П НОВЫЙ  вариант 2','\0','A49A00116731095211DE4E6BCDBE68EE','00000001492'),(1628,'Диван Виктория угловой левый К/П Ф/П п/б КАПЛЯ ШАГОВАЯ вариант 1','\0','B99B20CF306869C211E284BC6DA9A88B','УТ000000397'),(1629,'Диван Аккордеон 1,2 Д/П КАПЛЯ вариант 1','\0','81F3705AB67B77C011DFFBDAF3E67219','00000001846'),(1630,'Диван Виктория угловой правый К/П Ф/П п/б КАПЛЯ ШАГОВАЯ вариант 1','\0','B99B20CF306869C211E284BC6DA9A88D','УТ000000398'),(1631,'Диван Аккордеон 1,0 Д/П КАПЛЯ вариант 1','\0','81F3705AB67B77C011DFFBDAF3E67217','00000001845'),(1632,'Диван Виктория угловой левый К/П Ф/П п/б КАПЛЯ ШАГОВАЯ вариант2','\0','B99B20CF306869C211E284BC6DA9A88F','УТ000000399'),(1633,' Кресло Аккордеон 0,7 Д/П КАПЛЯ вариант 1','\0','81F3705AB67B77C011DFFBDAF3E67215','00000001844'),(1634,' Кресло Аккордеон 0,7 Д/П НОВЫЙ вариант 1','\0','A47C00116731095211DE316073BACEDD','00000001473'),(1635,'Диван Виктория угловой правый К/П М/П п/б КАПЛЯ ШАГОВАЯ вариант1','\0','B99B20CF306869C211E284BC6DA9A899','УТ000000404'),(1636,'Диван Аккордеон 1,2 Д/П НОВЫЙ вариант 2','\0','A47200116731095211DE28F0AAAD4400','00000001463'),(1637,'Диван Аккордеон 1,0 Д/П НОВЫЙ вариант 1','\0','A47C00116731095211DE316073BACEDF','00000001474'),(1638,'Диван Аккордеон 1,5 м Д/П п/б  ','\0','B00AC138207CA05811DCAFC29E453848','00000000006'),(1639,'Диван Аккордеон 1,0 м ДИЗ п/б вариант 1','\0','90A6001BFCFFD10A11DCEE65D7AB787F','00000000044'),(1640,'Диван Аккордеон 1,5 Д/П НОВЫЙ вариант 1','\0','A47200116731095211DE28F0AAAD4406','00000001466'),(1641,'Диван Виктория угловой правый К/П Ф/П п/б КАПЛЯ ШАГОВАЯ вариант2','\0','B99B20CF306869C211E284BC6DA9A891','УТ000000400'),(1642,'Диван Аккордеон 1,7 м Б/Б п/б','\0','90A6001BFCFFD10A11DCEE65D7AB787D','00000000043'),(1643,'Диван Аккордеон 1,7 Д/П НОВЫЙ вариант 2','\0','A47200116731095211DE28F0AAAD4408','00000001467'),(1644,'Диван Виктория угловой левый К/П Ф/П  п/б КАПЛЯ ШАГОВАЯ вариант 3','\0','B99B20CF306869C211E284BC6DA9A893','УТ000000401'),(1645,'Диван Аккордеон 1,4 Д/П НОВЫЙ вариант 2','\0','A47200116731095211DE28F0AAAD4402','00000001464'),(1646,'Диван Виктория угловой правый К/П Ф/П  п/б КАПЛЯ ШАГОВАЯ вариант 3','\0','B99B20CF306869C211E284BC6DA9A895','УТ000000402'),(1647,'Диван Аккордеон 1,5 К/П НОВЫЙ вариант 2','\0','A47200116731095211DE28F0AAAD4404','00000001465'),(1648,'Диван Виктория угловой левый К/П М/П п/б КАПЛЯ ШАГОВАЯ вариант1','\0','B99B20CF306869C211E284BC6DA9A897','УТ000000403'),(1649,'Диван Аккордеон 1,7 Д/П КАПЛЯ вариант 2','\0','81F3705AB67B77C011DFFBDAF3E6722F','00000001857'),(1650,'Диван Аккордеон 1,4 К/П НОВЫЙ вариант 2','\0','A45900116731095211DE1771C697E92B','00000001416'),(1651,'Диван Аккордеон 1,7 Д/П НОВЫЙ вариант 1','\0','A47C00116731095211DE316073BACEE5','00000001477'),(1652,'Кресло Виктория Д/П  п/б КАПЛЯ вариант 2','\0','B99B20CF306869C211E284BC6DA9A87F','УТ000000391'),(1653,'Диван Аккордеон 1,0 Д/П КЛАССИК вариант 1','\0','BBF120CF306869C211E674CC55756342','УТ000000807'),(1654,'Диван Аккордеон 1,5 Д/П КАПЛЯ вариант 2','\0','81F3705AB67B77C011DFFBDAF3E6722D','00000001856'),(1655,'Диван Аккордеон 1,4 Д/П НОВЫЙ вариант 1','\0','A47C00116731095211DE316073BACEE3','00000001476'),(1656,'Диван Аккордеон 1,2 Д/П КЛАССИК вариант 1','\0','BBF120CF306869C211E674CC55756344','УТ000000808'),(1657,'Диван Аккордеон 1,4 Д/П КАПЛЯ вариант 2','\0','81F3705AB67B77C011DFFBDAF3E6722B','00000001855'),(1658,'Диван Аккордеон 1,7 К/П НОВЫЙ вариант 2','\0','A45900116731095211DE1771C697E92F','00000001418'),(1659,'Диван Аккордеон 1,5 Д/П НОВЫЙ вариант 2','\0','A47C00116731095211DE316073BACEE7','00000001478'),(1660,'Диван Аккордеон 1,2 Д/П НОВЫЙ вариант 1','\0','A47C00116731095211DE316073BACEE1','00000001475'),(1661,'Диван Аккордеон 1,2 Д/П КАПЛЯ вариант 2','\0','81F3705AB67B77C011DFFBDAF3E67229','00000001854'),(1662,'Диван Виктория М/П п/б','\0','90A6001BFCFFD10A11DCEE883EB19C75','00000000068'),(1663,'Диван Аккордеон 1,4 Д/П КЛАССИК вариант 1','\0','BBF120CF306869C211E674CC55756346','УТ000000809'),(1664,'Диван Виктория угловой правый Д/П Ф/П п/б КАПЛЯ вариант2','\0','B99B20CF306869C211E284BC6DA9A87D','УТ000000390'),(1665,'Диван Аккордеон 1,0 Д/П КАПЛЯ вариант 2','\0','81F3705AB67B77C011DFFBDAF3E67227','00000001853'),(1666,'Диван Зевс мех дельфин № 1 (спал.мес. 90 см) левый(#)','\0','85B920CF306869C211E5CA31945FF2B8','УТ000000674'),(1667,'Диван Виктория М/П  п/б дуга','\0','90A6001BFCFFD10A11DCEE883EB19C77','00000000069'),(1668,'Диван Аккордеон 1,5 Д/П КЛАССИК вариант 1','\0','BBF120CF306869C211E674CC55756348','УТ000000810'),(1669,'Диван Аккордеон 1,7 К/П НОВЫЙ вариант 1','\0','A47C00116731095211DE316073BACEEE','00000001482'),(1670,'Диван Аккордеон 1,8 Д/П КЛАССИК вариант 1','\0','BBF120CF306869C211E674CC5575634C','УТ000000812'),(1671,' Кресло Аккордеон 0,7 Д/П КАПЛЯ  вариант 2','\0','81F3705AB67B77C011DFFBDAF3E67225','00000001852'),(1672,'Диван Аккордеон 1,5 К/П НОВЫЙ вариант 1 ','\0','A47C00116731095211DE316073BACEEC','00000001481'),(1673,'Диван Аккордеон 1,9 Д/П КЛАССИК вариант 1','\0','BBF120CF306869C211E674CC5575634E','УТ000000813'),(1674,'Диван Аккордеон 1,9 Д/П КАПЛЯ вариант 1 ','\0','81F3705AB67B77C011DFFBDAF3E67223','00000001851'),(1675,'Диван Аккордеон 1,8 Д/П КАПЛЯ вариант 1','\0','81F3705AB67B77C011DFFBDAF3E67221','00000001850'),(1676,'Диван Виктория угловой правый К/П М/П п/б КАПЛЯ вариант1','\0','871F001BFCFFD10A11E09D637B8A3781','УТ000000039'),(1677,'Диван Аккордеон 1,0 К/П НОВЫЙ вариант 2','\0','A45900116731095211DE1771C697E927','00000001414'),(1678,'Диван Аккордеон 1,7 Д/П КЛАССИК вариант 1','\0','BBF120CF306869C211E674CC5575634A','УТ000000811'),(1679,'Диван Виктория угловой правый К/П М/П п/б КАПЛЯ вариант 2','\0','871F001BFCFFD10A11E09D637B8A3783','УТ000000040'),(1680,' Кресло Аккордеон 0,7 К/П НОВЫЙ  вариант 2','\0','A45900116731095211DE1771C697E925','00000001413'),(1681,'Диван Зевс мех дельфин № 1 (спал.мес. 114 см) левый(#)','\0','85B920CF306869C211E5CA31945FF2C0','УТ000000675'),(1682,'Диван Виктория угловой правый К/П М/П п/б КАПЛЯ вариант 3','\0','871F001BFCFFD10A11E09D637B8A3785','УТ000000041'),(1683,'Диван Аккордеон 1,2 К/П НОВЫЙ вариант 2','\0','A45900116731095211DE1771C697E929','00000001415'),(1684,'Диван Виктория Д/П Ф/П  п/б КАПЛЯ вариант 3','\0','B99B20CF306869C211E284BC6DA9A882','УТ000000393'),(1685,' Кресло Аккордеон 0,7 К/П НОВЫЙ вариант 1','\0','A47C00116731095211DE316073BACEEA','00000001480'),(1686,'Диван Виктория угловой левый Д/П Ф/П  п/б КАПЛЯ вариант 3','\0','B99B20CF306869C211E284BC6DA9A884','УТ000000394'),(1687,'Диван Аккордеон 1,7 Д/П КАПЛЯ вариант 1','\0','81F3705AB67B77C011DFFBDAF3E6721F','00000001849'),(1688,'Диван Виктория угловой правый Д/П Ф/П  п/б КАПЛЯ вариант 3','\0','B99B20CF306869C211E284BC6DA9A886','УТ000000395'),(1689,'диван софия капля т/р,д/п,ф/п,ппу.','\0',NULL,NULL);
/*!40000 ALTER TABLE `products` ENABLE KEYS */;
UNLOCK TABLES;

--
-- Table structure for table `roles`
--

DROP TABLE IF EXISTS `roles`;
/*!40101 SET @saved_cs_client     = @@character_set_client */;
/*!40101 SET character_set_client = utf8 */;
CREATE TABLE `roles` (
  `id` bigint(20) NOT NULL AUTO_INCREMENT,
  `name` varchar(255) NOT NULL,
  PRIMARY KEY (`id`),
  UNIQUE KEY `name` (`name`)
) ENGINE=InnoDB AUTO_INCREMENT=3 DEFAULT CHARSET=utf8;
/*!40101 SET character_set_client = @saved_cs_client */;

--
-- Dumping data for table `roles`
--

LOCK TABLES `roles` WRITE;
/*!40000 ALTER TABLE `roles` DISABLE KEYS */;
INSERT INTO `roles` VALUES (1,'ROLE_ADMIN'),(2,'ROLE_REGULAR');
/*!40000 ALTER TABLE `roles` ENABLE KEYS */;
UNLOCK TABLES;

--
-- Table structure for table `users`
--

DROP TABLE IF EXISTS `users`;
/*!40101 SET @saved_cs_client     = @@character_set_client */;
/*!40101 SET character_set_client = utf8 */;
CREATE TABLE `users` (
  `id` bigint(20) NOT NULL AUTO_INCREMENT,
  `login` varchar(255) NOT NULL,
  `full_name` varchar(255) DEFAULT NULL,
  `password` varchar(1000) DEFAULT NULL,
  `locale` varchar(10) DEFAULT NULL,
  PRIMARY KEY (`id`),
  UNIQUE KEY `UQ__users__login` (`login`)
) ENGINE=InnoDB AUTO_INCREMENT=4 DEFAULT CHARSET=utf8;
/*!40101 SET character_set_client = @saved_cs_client */;

--
-- Dumping data for table `users`
--

LOCK TABLES `users` WRITE;
/*!40000 ALTER TABLE `users` DISABLE KEYS */;
INSERT INTO `users` VALUES (1,'root','root','cm9vdA==','ru_RU'),(2,'1','1','MQ==','ru_RU'),(3,'o','o','bw==','ru_RU');
/*!40000 ALTER TABLE `users` ENABLE KEYS */;
UNLOCK TABLES;

--
-- Table structure for table `users_roles`
--

DROP TABLE IF EXISTS `users_roles`;
/*!40101 SET @saved_cs_client     = @@character_set_client */;
/*!40101 SET character_set_client = utf8 */;
CREATE TABLE `users_roles` (
  `user_id` bigint(20) NOT NULL,
  `role_id` bigint(20) NOT NULL,
  UNIQUE KEY `users__roles_idx` (`user_id`,`role_id`)
) ENGINE=InnoDB DEFAULT CHARSET=utf8;
/*!40101 SET character_set_client = @saved_cs_client */;

--
-- Dumping data for table `users_roles`
--

LOCK TABLES `users_roles` WRITE;
/*!40000 ALTER TABLE `users_roles` DISABLE KEYS */;
INSERT INTO `users_roles` VALUES (1,1),(2,1),(2,2),(3,2);
/*!40000 ALTER TABLE `users_roles` ENABLE KEYS */;
UNLOCK TABLES;
/*!40103 SET TIME_ZONE=@OLD_TIME_ZONE */;

/*!40101 SET SQL_MODE=@OLD_SQL_MODE */;
/*!40014 SET FOREIGN_KEY_CHECKS=@OLD_FOREIGN_KEY_CHECKS */;
/*!40014 SET UNIQUE_CHECKS=@OLD_UNIQUE_CHECKS */;
/*!40101 SET CHARACTER_SET_CLIENT=@OLD_CHARACTER_SET_CLIENT */;
/*!40101 SET CHARACTER_SET_RESULTS=@OLD_CHARACTER_SET_RESULTS */;
/*!40101 SET COLLATION_CONNECTION=@OLD_COLLATION_CONNECTION */;
/*!40111 SET SQL_NOTES=@OLD_SQL_NOTES */;

-- Dump completed on 2017-01-15 23:48:03
